[15:27:43] SERVER -> CLIENT: 220 smtp.gmail.com ESMTP d2e1a72fcca58-843380c96a5sm1331383b3a.38 - gsmtp
[15:27:43] CLIENT -> SERVER: EHLO localhost
[15:27:43] SERVER -> CLIENT: 250-smtp.gmail.com at your service, [42.113.61.147]
250-SIZE 35882577
250-8BITMIME
250-STARTTLS
250-ENHANCEDSTATUSCODES
250-PIPELINING
250-CHUNKING
250 SMTPUTF8
[15:27:43] CLIENT -> SERVER: STARTTLS
[15:27:44] SERVER -> CLIENT: 220 2.0.0 Ready to start TLS
[15:27:44] CLIENT -> SERVER: EHLO localhost
[15:27:44] SERVER -> CLIENT: 250-smtp.gmail.com at your service, [42.113.61.147]
250-SIZE 35882577
250-8BITMIME
250-AUTH LOGIN PLAIN XOAUTH2 PLAIN-CLIENTTOKEN OAUTHBEARER XOAUTH
250-ENHANCEDSTATUSCODES
250-PIPELINING
250-CHUNKING
250 SMTPUTF8
[15:27:44] CLIENT -> SERVER: AUTH LOGIN
[15:27:44] SERVER -> CLIENT: 334 VXNlcm5hbWU6
[15:27:44] CLIENT -> SERVER: [credentials hidden]
[15:27:45] SERVER -> CLIENT: 334 UGFzc3dvcmQ6
[15:27:45] CLIENT -> SERVER: [credentials hidden]
[15:27:45] SERVER -> CLIENT: 235 2.7.0 Accepted
[15:27:45] CLIENT -> SERVER: MAIL FROM:<pvhoang08082004@gmail.com>
[15:27:45] SERVER -> CLIENT: 250 2.1.0 OK d2e1a72fcca58-843380c96a5sm1331383b3a.38 - gsmtp
[15:27:45] CLIENT -> SERVER: RCPT TO:<pvhoang08082004@gmail.com>
[15:27:45] SERVER -> CLIENT: 250 2.1.5 OK d2e1a72fcca58-843380c96a5sm1331383b3a.38 - gsmtp
[15:27:45] CLIENT -> SERVER: DATA
[15:27:46] SERVER -> CLIENT: 354 Go ahead d2e1a72fcca58-843380c96a5sm1331383b3a.38 - gsmtp
[15:27:46] CLIENT -> SERVER: Date: Thu, 11 Jun 2026 15:27:43 +0700
[15:27:46] CLIENT -> SERVER: To: pvhoang08082004@gmail.com
[15:27:46] CLIENT -> SERVER: From: Elite Fitness Gym <pvhoang08082004@gmail.com>
[15:27:46] CLIENT -> SERVER: Subject: =?UTF-8?Q?[Elite_Gym]_Nh=E1=BA=AFc_nh=E1=BB=9F:_Ch=C6=B0a_=C4=91=C4=83ng_k=C3=BD_ca_t=E1=BA=ADp?=
[15:27:46] CLIENT -> SERVER: Message-ID: <w5OanjygthtLOcayrdJo7zEb1oUYsAmxjzclV3ITC98@localhost>
[15:27:46] CLIENT -> SERVER: X-Mailer: PHPMailer 7.0.2 (https://github.com/PHPMailer/PHPMailer)
[15:27:46] CLIENT -> SERVER: MIME-Version: 1.0
[15:27:46] CLIENT -> SERVER: Content-Type: multipart/alternative;
[15:27:46] CLIENT -> SERVER:  boundary="b1=_w5OanjygthtLOcayrdJo7zEb1oUYsAmxjzclV3ITC98"
[15:27:46] CLIENT -> SERVER: Content-Transfer-Encoding: 8bit
[15:27:46] CLIENT -> SERVER:
[15:27:46] CLIENT -> SERVER: --b1=_w5OanjygthtLOcayrdJo7zEb1oUYsAmxjzclV3ITC98
[15:27:46] CLIENT -> SERVER: Content-Type: text/plain; charset=UTF-8
[15:27:46] CLIENT -> SERVER: Content-Transfer-Encoding: 8bit
[15:27:46] CLIENT -> SERVER:
[15:27:46] CLIENT -> SERVER: Hôm nay (11/06/2026) bạn chưa đăng ký ca tập nào. Hãy liên hệ lễ tân hoặc đặt lịch ngay!
[15:27:46] CLIENT -> SERVER:
[15:27:46] CLIENT -> SERVER: --b1=_w5OanjygthtLOcayrdJo7zEb1oUYsAmxjzclV3ITC98
[15:27:46] CLIENT -> SERVER: Content-Type: text/html; charset=UTF-8
[15:27:46] CLIENT -> SERVER: Content-Transfer-Encoding: 8bit
[15:27:46] CLIENT -> SERVER:
[15:27:46] CLIENT -> SERVER:
[15:27:46] CLIENT -> SERVER:         <html>
[15:27:46] CLIENT -> SERVER:         <body style='font-family:Arial,sans-serif;background:#0a0a0a;color:#fff;padding:30px;margin:0;'>
[15:27:46] CLIENT -> SERVER:           <div style='max-width:520px;margin:auto;background:#111111;border-radius:4px;overflow:hidden;border:1px solid rgba(204,0,0,.25);'>
[15:27:46] CLIENT -> SERVER:
[15:27:46] CLIENT -> SERVER:             <!-- Header -->
[15:27:46] CLIENT -> SERVER:             <div style='background:#cc0000;padding:18px 32px;display:flex;align-items:center;gap:12px;'>
[15:27:46] CLIENT -> SERVER:               <span style='font-family:Arial,sans-serif;font-size:1.5rem;font-weight:900;color:#fff;letter-spacing:2px;text-transform:uppercase;'>ELITE GYM</span>
[15:27:46] CLIENT -> SERVER:               <span style='color:rgba(255,255,255,.6);font-size:.8rem;margin-left:auto;text-transform:uppercase;letter-spacing:1px;'>Thông báo</span>
[15:27:46] CLIENT -> SERVER:             </div>
[15:27:46] CLIENT -> SERVER:
[15:27:46] CLIENT -> SERVER:             <!-- Body -->
[15:27:46] CLIENT -> SERVER:             <div style='padding:28px 32px;'>
[15:27:46] CLIENT -> SERVER:               <p style='color:rgba(255,255,255,.6);margin:0 0 6px;font-size:.85rem;'>Xin chào,</p>
[15:27:46] CLIENT -> SERVER:               <p style='color:#fff;font-size:1rem;font-weight:700;margin:0 0 20px;'>Hoàng Phạm Văn</p>
[15:27:46] CLIENT -> SERVER:
[15:27:46] CLIENT -> SERVER:               <!-- Notification card -->
[15:27:46] CLIENT -> SERVER:               <div style='background:rgba(255,255,255,.04);border-left:3px solid #f59e0b;border-radius:2px;padding:16px 20px;margin-bottom:20px;'>
[15:27:46] CLIENT -> SERVER:                 <div style='font-size:.85rem;color:#f59e0b;font-weight:700;margin-bottom:8px;'>
[15:27:46] CLIENT -> SERVER:                   📅 Chưa đăng ký ca tập hôm nay
[15:27:46] CLIENT -> SERVER:                 </div>
[15:27:46] CLIENT -> SERVER:                 <div style='color:rgba(255,255,255,.75);font-size:.9rem;line-height:1.6;'>
[15:27:46] CLIENT -> SERVER:                   Hôm nay (11/06/2026) bạn chưa đăng ký ca tập nào. Hãy liên hệ lễ tân hoặc đặt lịch ngay!
[15:27:46] CLIENT -> SERVER:                 </div>
[15:27:46] CLIENT -> SERVER:               </div>
[15:27:46] CLIENT -> SERVER:
[15:27:46] CLIENT -> SERVER:               <div style='text-align:center;margin:24px 0 8px;'>
[15:27:46] CLIENT -> SERVER:                 <a href='http://localhost/PHP/ELite_GYM/public/'
[15:27:46] CLIENT -> SERVER:                    style='background:#cc0000;color:#fff;text-decoration:none;padding:12px 32px;border-radius:3px;font-weight:700;font-size:.9rem;letter-spacing:1px;display:inline-block;'>
[15:27:46] CLIENT -> SERVER:                   Vào trang Elite Gym
[15:27:46] CLIENT -> SERVER:                 </a>
[15:27:46] CLIENT -> SERVER:               </div>
[15:27:46] CLIENT -> SERVER:             </div>
[15:27:46] CLIENT -> SERVER:
[15:27:46] CLIENT -> SERVER:             <!-- Footer -->
[15:27:46] CLIENT -> SERVER:             <div style='padding:16px 32px;border-top:1px solid rgba(255,255,255,.08);'>
[15:27:46] CLIENT -> SERVER:               <p style='color:rgba(255,255,255,.3);font-size:.75rem;margin:0;text-align:center;'>
[15:27:46] CLIENT -> SERVER:                 © 2026 Elite Fitness Gym. Nếu bạn không muốn nhận email này, liên hệ lễ tân.
[15:27:46] CLIENT -> SERVER:               </p>
[15:27:46] CLIENT -> SERVER:             </div>
[15:27:46] CLIENT -> SERVER:           </div>
[15:27:46] CLIENT -> SERVER:         </body></html>
[15:27:46] CLIENT -> SERVER:
[15:27:46] CLIENT -> SERVER:
[15:27:46] CLIENT -> SERVER: --b1=_w5OanjygthtLOcayrdJo7zEb1oUYsAmxjzclV3ITC98--
[15:27:46] CLIENT -> SERVER:
[15:27:46] CLIENT -> SERVER: .
[15:27:46] SERVER -> CLIENT: 220 smtp.gmail.com ESMTP d2e1a72fcca58-843383197f2sm1536181b3a.54 - gsmtp
[15:27:46] CLIENT -> SERVER: EHLO localhost
[15:27:46] SERVER -> CLIENT: 250 2.0.0 OK  1781166466 d2e1a72fcca58-843380c96a5sm1331383b3a.38 - gsmtp
[15:27:46] CLIENT -> SERVER: QUIT
[15:27:46] SERVER -> CLIENT: 250-smtp.gmail.com at your service, [42.113.61.147]
250-SIZE 35882577
250-8BITMIME
250-STARTTLS
250-ENHANCEDSTATUSCODES
250-PIPELINING
250-CHUNKING
250 SMTPUTF8
[15:27:46] CLIENT -> SERVER: STARTTLS
[15:27:46] SERVER -> CLIENT: 221 2.0.0 closing connection d2e1a72fcca58-843380c96a5sm1331383b3a.38 - gsmtp
[15:27:47] SERVER -> CLIENT: 220 2.0.0 Ready to start TLS
[15:27:47] CLIENT -> SERVER: EHLO localhost
[15:27:47] SERVER -> CLIENT: 250-smtp.gmail.com at your service, [42.113.61.147]
250-SIZE 35882577
250-8BITMIME
250-AUTH LOGIN PLAIN XOAUTH2 PLAIN-CLIENTTOKEN OAUTHBEARER XOAUTH
250-ENHANCEDSTATUSCODES
250-PIPELINING
250-CHUNKING
250 SMTPUTF8
[15:27:47] CLIENT -> SERVER: AUTH LOGIN
[15:27:47] SERVER -> CLIENT: 334 VXNlcm5hbWU6
[15:27:47] CLIENT -> SERVER: [credentials hidden]
[15:27:47] SERVER -> CLIENT: 220 smtp.gmail.com ESMTP d9443c01a7336-2c16609e096sm275020925ad.44 - gsmtp
[15:27:47] CLIENT -> SERVER: EHLO localhost
[15:27:47] SERVER -> CLIENT: 334 UGFzc3dvcmQ6
[15:27:47] CLIENT -> SERVER: [credentials hidden]
[15:27:47] SERVER -> CLIENT: 250-smtp.gmail.com at your service, [42.113.61.147]
250-SIZE 35882577
250-8BITMIME
250-STARTTLS
250-ENHANCEDSTATUSCODES
250-PIPELINING
250-CHUNKING
250 SMTPUTF8
[15:27:47] CLIENT -> SERVER: STARTTLS
[15:27:48] SERVER -> CLIENT: 220 2.0.0 Ready to start TLS
[15:27:48] SERVER -> CLIENT: 235 2.7.0 Accepted
[15:27:48] CLIENT -> SERVER: MAIL FROM:<pvhoang08082004@gmail.com>
[15:27:48] CLIENT -> SERVER: EHLO localhost
[15:27:48] SERVER -> CLIENT: 250 2.1.0 OK d2e1a72fcca58-843383197f2sm1536181b3a.54 - gsmtp
[15:27:48] CLIENT -> SERVER: RCPT TO:<tcuc041126@gmail.com>
[15:27:48] SERVER -> CLIENT: 250-smtp.gmail.com at your service, [42.113.61.147]
250-SIZE 35882577
250-8BITMIME
250-AUTH LOGIN PLAIN XOAUTH2 PLAIN-CLIENTTOKEN OAUTHBEARER XOAUTH
250-ENHANCEDSTATUSCODES
250-PIPELINING
250-CHUNKING
250 SMTPUTF8
[15:27:48] CLIENT -> SERVER: AUTH LOGIN
[15:27:48] SERVER -> CLIENT: 250 2.1.5 OK d2e1a72fcca58-843383197f2sm1536181b3a.54 - gsmtp
[15:27:48] CLIENT -> SERVER: DATA
[15:27:48] SERVER -> CLIENT: 334 VXNlcm5hbWU6
[15:27:48] CLIENT -> SERVER: [credentials hidden]
[15:27:48] SERVER -> CLIENT: 354 Go ahead d2e1a72fcca58-843383197f2sm1536181b3a.54 - gsmtp
[15:27:48] CLIENT -> SERVER: Date: Thu, 11 Jun 2026 15:27:45 +0700
[15:27:48] CLIENT -> SERVER: To: tcuc041126@gmail.com
[15:27:48] CLIENT -> SERVER: From: Elite Fitness Gym <pvhoang08082004@gmail.com>
[15:27:48] CLIENT -> SERVER: Subject: =?UTF-8?Q?[Elite_Gym]_Nh=E1=BA=AFc_nh=E1=BB=9F:_Ch=C6=B0a_=C4=91=C4=83ng_k=C3=BD_ca_t=E1=BA=ADp?=
[15:27:48] CLIENT -> SERVER: Message-ID: <IcSoIGZbr1R7glj4vezy50LqNBPnTn86KfFXCIyu8@localhost>
[15:27:48] CLIENT -> SERVER: X-Mailer: PHPMailer 7.0.2 (https://github.com/PHPMailer/PHPMailer)
[15:27:48] CLIENT -> SERVER: MIME-Version: 1.0
[15:27:48] CLIENT -> SERVER: Content-Type: multipart/alternative;
[15:27:48] CLIENT -> SERVER:  boundary="b1=_IcSoIGZbr1R7glj4vezy50LqNBPnTn86KfFXCIyu8"
[15:27:48] CLIENT -> SERVER: Content-Transfer-Encoding: 8bit
[15:27:48] CLIENT -> SERVER:
[15:27:48] CLIENT -> SERVER: --b1=_IcSoIGZbr1R7glj4vezy50LqNBPnTn86KfFXCIyu8
[15:27:48] CLIENT -> SERVER: Content-Type: text/plain; charset=UTF-8
[15:27:48] CLIENT -> SERVER: Content-Transfer-Encoding: 8bit
[15:27:48] CLIENT -> SERVER:
[15:27:48] CLIENT -> SERVER: Hôm nay (11/06/2026) bạn chưa đăng ký ca tập nào. Hãy liên hệ lễ tân hoặc đặt lịch ngay!
[15:27:48] CLIENT -> SERVER:
[15:27:48] CLIENT -> SERVER: --b1=_IcSoIGZbr1R7glj4vezy50LqNBPnTn86KfFXCIyu8
[15:27:48] CLIENT -> SERVER: Content-Type: text/html; charset=UTF-8
[15:27:48] CLIENT -> SERVER: Content-Transfer-Encoding: 8bit
[15:27:48] CLIENT -> SERVER:
[15:27:48] CLIENT -> SERVER:
[15:27:48] CLIENT -> SERVER:         <html>
[15:27:48] CLIENT -> SERVER:         <body style='font-family:Arial,sans-serif;background:#0a0a0a;color:#fff;padding:30px;margin:0;'>
[15:27:48] CLIENT -> SERVER:           <div style='max-width:520px;margin:auto;background:#111111;border-radius:4px;overflow:hidden;border:1px solid rgba(204,0,0,.25);'>
[15:27:48] CLIENT -> SERVER:
[15:27:48] CLIENT -> SERVER:             <!-- Header -->
[15:27:48] CLIENT -> SERVER:             <div style='background:#cc0000;padding:18px 32px;display:flex;align-items:center;gap:12px;'>
[15:27:48] CLIENT -> SERVER:               <span style='font-family:Arial,sans-serif;font-size:1.5rem;font-weight:900;color:#fff;letter-spacing:2px;text-transform:uppercase;'>ELITE GYM</span>
[15:27:48] CLIENT -> SERVER:               <span style='color:rgba(255,255,255,.6);font-size:.8rem;margin-left:auto;text-transform:uppercase;letter-spacing:1px;'>Thông báo</span>
[15:27:48] CLIENT -> SERVER:             </div>
[15:27:48] CLIENT -> SERVER:
[15:27:48] CLIENT -> SERVER:             <!-- Body -->
[15:27:48] CLIENT -> SERVER:             <div style='padding:28px 32px;'>
[15:27:48] CLIENT -> SERVER:               <p style='color:rgba(255,255,255,.6);margin:0 0 6px;font-size:.85rem;'>Xin chào,</p>
[15:27:48] CLIENT -> SERVER:               <p style='color:#fff;font-size:1rem;font-weight:700;margin:0 0 20px;'>Nguyễn Thị Thu Cúc</p>
[15:27:48] CLIENT -> SERVER:
[15:27:48] CLIENT -> SERVER:               <!-- Notification card -->
[15:27:48] CLIENT -> SERVER:               <div style='background:rgba(255,255,255,.04);border-left:3px solid #f59e0b;border-radius:2px;padding:16px 20px;margin-bottom:20px;'>
[15:27:48] CLIENT -> SERVER:                 <div style='font-size:.85rem;color:#f59e0b;font-weight:700;margin-bottom:8px;'>
[15:27:48] CLIENT -> SERVER:                   📅 Chưa đăng ký ca tập hôm nay
[15:27:48] CLIENT -> SERVER:                 </div>
[15:27:48] CLIENT -> SERVER:                 <div style='color:rgba(255,255,255,.75);font-size:.9rem;line-height:1.6;'>
[15:27:48] CLIENT -> SERVER:                   Hôm nay (11/06/2026) bạn chưa đăng ký ca tập nào. Hãy liên hệ lễ tân hoặc đặt lịch ngay!
[15:27:48] CLIENT -> SERVER:                 </div>
[15:27:48] CLIENT -> SERVER:               </div>
[15:27:48] CLIENT -> SERVER:
[15:27:48] CLIENT -> SERVER:               <div style='text-align:center;margin:24px 0 8px;'>
[15:27:48] CLIENT -> SERVER:                 <a href='http://localhost/PHP/ELite_GYM/public/'
[15:27:48] CLIENT -> SERVER:                    style='background:#cc0000;color:#fff;text-decoration:none;padding:12px 32px;border-radius:3px;font-weight:700;font-size:.9rem;letter-spacing:1px;display:inline-block;'>
[15:27:48] CLIENT -> SERVER:                   Vào trang Elite Gym
[15:27:48] CLIENT -> SERVER:                 </a>
[15:27:48] CLIENT -> SERVER:               </div>
[15:27:48] CLIENT -> SERVER:             </div>
[15:27:48] CLIENT -> SERVER:
[15:27:48] CLIENT -> SERVER:             <!-- Footer -->
[15:27:48] CLIENT -> SERVER:             <div style='padding:16px 32px;border-top:1px solid rgba(255,255,255,.08);'>
[15:27:48] CLIENT -> SERVER:               <p style='color:rgba(255,255,255,.3);font-size:.75rem;margin:0;text-align:center;'>
[15:27:48] CLIENT -> SERVER:                 © 2026 Elite Fitness Gym. Nếu bạn không muốn nhận email này, liên hệ lễ tân.
[15:27:48] CLIENT -> SERVER:               </p>
[15:27:48] CLIENT -> SERVER:             </div>
[15:27:48] CLIENT -> SERVER:           </div>
[15:27:48] CLIENT -> SERVER:         </body></html>
[15:27:48] CLIENT -> SERVER:
[15:27:48] CLIENT -> SERVER:
[15:27:48] CLIENT -> SERVER: --b1=_IcSoIGZbr1R7glj4vezy50LqNBPnTn86KfFXCIyu8--
[15:27:48] CLIENT -> SERVER:
[15:27:48] CLIENT -> SERVER: .
[15:27:48] SERVER -> CLIENT: 334 UGFzc3dvcmQ6
[15:27:48] CLIENT -> SERVER: [credentials hidden]
[15:27:49] SERVER -> CLIENT: 235 2.7.0 Accepted
[15:27:49] CLIENT -> SERVER: MAIL FROM:<pvhoang08082004@gmail.com>
[15:27:49] SERVER -> CLIENT: 250 2.1.0 OK d9443c01a7336-2c16609e096sm275020925ad.44 - gsmtp
[15:27:49] CLIENT -> SERVER: RCPT TO:<hoang080820041aa@gmail.com>
[15:27:49] SERVER -> CLIENT: 250 2.0.0 OK  1781166469 d2e1a72fcca58-843383197f2sm1536181b3a.54 - gsmtp
[15:27:49] CLIENT -> SERVER: QUIT
[15:27:49] SERVER -> CLIENT: 250 2.1.5 OK d9443c01a7336-2c16609e096sm275020925ad.44 - gsmtp
[15:27:49] CLIENT -> SERVER: DATA
[15:27:49] SERVER -> CLIENT: 221 2.0.0 closing connection d2e1a72fcca58-843383197f2sm1536181b3a.54 - gsmtp
[15:27:49] SERVER -> CLIENT: 354 Go ahead d9443c01a7336-2c16609e096sm275020925ad.44 - gsmtp
[15:27:49] CLIENT -> SERVER: Date: Thu, 11 Jun 2026 15:27:46 +0700
[15:27:49] CLIENT -> SERVER: To: hoang080820041aa@gmail.com
[15:27:49] CLIENT -> SERVER: From: Elite Fitness Gym <pvhoang08082004@gmail.com>
[15:27:49] CLIENT -> SERVER: Subject: =?UTF-8?Q?[Elite_Gym]_Nh=E1=BA=AFc_nh=E1=BB=9F:_Ch=C6=B0a_=C4=91=C4=83ng_k=C3=BD_ca_t=E1=BA=ADp?=
[15:27:49] CLIENT -> SERVER: Message-ID: <f5H7owZHkNHLAQ7A8bjIRov0WOWghsqWDazokswR5Bo@localhost>
[15:27:49] CLIENT -> SERVER: X-Mailer: PHPMailer 7.0.2 (https://github.com/PHPMailer/PHPMailer)
[15:27:49] CLIENT -> SERVER: MIME-Version: 1.0
[15:27:49] CLIENT -> SERVER: Content-Type: multipart/alternative;
[15:27:49] CLIENT -> SERVER:  boundary="b1=_f5H7owZHkNHLAQ7A8bjIRov0WOWghsqWDazokswR5Bo"
[15:27:49] CLIENT -> SERVER: Content-Transfer-Encoding: 8bit
[15:27:49] CLIENT -> SERVER:
[15:27:49] CLIENT -> SERVER: --b1=_f5H7owZHkNHLAQ7A8bjIRov0WOWghsqWDazokswR5Bo
[15:27:49] CLIENT -> SERVER: Content-Type: text/plain; charset=UTF-8
[15:27:49] CLIENT -> SERVER: Content-Transfer-Encoding: 8bit
[15:27:49] CLIENT -> SERVER:
[15:27:49] CLIENT -> SERVER: Hôm nay (11/06/2026) bạn chưa đăng ký ca tập nào. Hãy liên hệ lễ tân hoặc đặt lịch ngay!
[15:27:49] CLIENT -> SERVER:
[15:27:49] CLIENT -> SERVER: --b1=_f5H7owZHkNHLAQ7A8bjIRov0WOWghsqWDazokswR5Bo
[15:27:49] CLIENT -> SERVER: Content-Type: text/html; charset=UTF-8
[15:27:49] CLIENT -> SERVER: Content-Transfer-Encoding: 8bit
[15:27:49] CLIENT -> SERVER:
[15:27:49] CLIENT -> SERVER:
[15:27:49] CLIENT -> SERVER:         <html>
[15:27:49] CLIENT -> SERVER:         <body style='font-family:Arial,sans-serif;background:#0a0a0a;color:#fff;padding:30px;margin:0;'>
[15:27:49] CLIENT -> SERVER:           <div style='max-width:520px;margin:auto;background:#111111;border-radius:4px;overflow:hidden;border:1px solid rgba(204,0,0,.25);'>
[15:27:49] CLIENT -> SERVER:
[15:27:49] CLIENT -> SERVER:             <!-- Header -->
[15:27:49] CLIENT -> SERVER:             <div style='background:#cc0000;padding:18px 32px;display:flex;align-items:center;gap:12px;'>
[15:27:49] CLIENT -> SERVER:               <span style='font-family:Arial,sans-serif;font-size:1.5rem;font-weight:900;color:#fff;letter-spacing:2px;text-transform:uppercase;'>ELITE GYM</span>
[15:27:49] CLIENT -> SERVER:               <span style='color:rgba(255,255,255,.6);font-size:.8rem;margin-left:auto;text-transform:uppercase;letter-spacing:1px;'>Thông báo</span>
[15:27:49] CLIENT -> SERVER:             </div>
[15:27:49] CLIENT -> SERVER:
[15:27:49] CLIENT -> SERVER:             <!-- Body -->
[15:27:49] CLIENT -> SERVER:             <div style='padding:28px 32px;'>
[15:27:49] CLIENT -> SERVER:               <p style='color:rgba(255,255,255,.6);margin:0 0 6px;font-size:.85rem;'>Xin chào,</p>
[15:27:49] CLIENT -> SERVER:               <p style='color:#fff;font-size:1rem;font-weight:700;margin:0 0 20px;'>Nguyễn Thị Thu Cúc</p>
[15:27:49] CLIENT -> SERVER:
[15:27:49] CLIENT -> SERVER:               <!-- Notification card -->
[15:27:49] CLIENT -> SERVER:               <div style='background:rgba(255,255,255,.04);border-left:3px solid #f59e0b;border-radius:2px;padding:16px 20px;margin-bottom:20px;'>
[15:27:49] CLIENT -> SERVER:                 <div style='font-size:.85rem;color:#f59e0b;font-weight:700;margin-bottom:8px;'>
[15:27:49] CLIENT -> SERVER:                   📅 Chưa đăng ký ca tập hôm nay
[15:27:49] CLIENT -> SERVER:                 </div>
[15:27:49] CLIENT -> SERVER:                 <div style='color:rgba(255,255,255,.75);font-size:.9rem;line-height:1.6;'>
[15:27:49] CLIENT -> SERVER:                   Hôm nay (11/06/2026) bạn chưa đăng ký ca tập nào. Hãy liên hệ lễ tân hoặc đặt lịch ngay!
[15:27:49] CLIENT -> SERVER:                 </div>
[15:27:49] CLIENT -> SERVER:               </div>
[15:27:49] CLIENT -> SERVER:
[15:27:49] CLIENT -> SERVER:               <div style='text-align:center;margin:24px 0 8px;'>
[15:27:49] CLIENT -> SERVER:                 <a href='http://localhost/PHP/ELite_GYM/public/'
[15:27:49] CLIENT -> SERVER:                    style='background:#cc0000;color:#fff;text-decoration:none;padding:12px 32px;border-radius:3px;font-weight:700;font-size:.9rem;letter-spacing:1px;display:inline-block;'>
[15:27:49] CLIENT -> SERVER:                   Vào trang Elite Gym
[15:27:49] CLIENT -> SERVER:                 </a>
[15:27:49] CLIENT -> SERVER:               </div>
[15:27:49] CLIENT -> SERVER:             </div>
[15:27:49] CLIENT -> SERVER:
[15:27:49] CLIENT -> SERVER:             <!-- Footer -->
[15:27:49] CLIENT -> SERVER:             <div style='padding:16px 32px;border-top:1px solid rgba(255,255,255,.08);'>
[15:27:49] CLIENT -> SERVER:               <p style='color:rgba(255,255,255,.3);font-size:.75rem;margin:0;text-align:center;'>
[15:27:49] CLIENT -> SERVER:                 © 2026 Elite Fitness Gym. Nếu bạn không muốn nhận email này, liên hệ lễ tân.
[15:27:49] CLIENT -> SERVER:               </p>
[15:27:49] CLIENT -> SERVER:             </div>
[15:27:49] CLIENT -> SERVER:           </div>
[15:27:49] CLIENT -> SERVER:         </body></html>
[15:27:49] CLIENT -> SERVER:
[15:27:49] CLIENT -> SERVER:
[15:27:49] CLIENT -> SERVER: --b1=_f5H7owZHkNHLAQ7A8bjIRov0WOWghsqWDazokswR5Bo--
[15:27:49] CLIENT -> SERVER:
[15:27:49] CLIENT -> SERVER: .
[15:27:50] SERVER -> CLIENT: 250 2.0.0 OK  1781166470 d9443c01a7336-2c16609e096sm275020925ad.44 - gsmtp
[15:27:50] CLIENT -> SERVER: QUIT
[15:27:50] SERVER -> CLIENT: 220 smtp.gmail.com ESMTP 98e67ed59e1d1-37790c851e1sm932873a91.0 - gsmtp
[15:27:50] CLIENT -> SERVER: EHLO localhost
[15:27:50] SERVER -> CLIENT: 221 2.0.0 closing connection d9443c01a7336-2c16609e096sm275020925ad.44 - gsmtp
[15:27:50] SERVER -> CLIENT: 250-smtp.gmail.com at your service, [42.113.61.147]
250-SIZE 35882577
250-8BITMIME
250-STARTTLS
250-ENHANCEDSTATUSCODES
250-PIPELINING
250-CHUNKING
250 SMTPUTF8
[15:27:50] CLIENT -> SERVER: STARTTLS
[15:27:50] SERVER -> CLIENT: 220 2.0.0 Ready to start TLS
[15:27:51] CLIENT -> SERVER: EHLO localhost
[15:27:51] SERVER -> CLIENT: 220 smtp.gmail.com ESMTP d9443c01a7336-2c164f6d45csm364119145ad.14 - gsmtp
[15:27:51] CLIENT -> SERVER: EHLO localhost
[15:27:51] SERVER -> CLIENT: 250-smtp.gmail.com at your service, [42.113.61.147]
250-SIZE 35882577
250-8BITMIME
250-AUTH LOGIN PLAIN XOAUTH2 PLAIN-CLIENTTOKEN OAUTHBEARER XOAUTH
250-ENHANCEDSTATUSCODES
250-PIPELINING
250-CHUNKING
250 SMTPUTF8
[15:27:51] CLIENT -> SERVER: AUTH LOGIN
[15:27:51] SERVER -> CLIENT: 250-smtp.gmail.com at your service, [42.113.61.147]
250-SIZE 35882577
250-8BITMIME
250-STARTTLS
250-ENHANCEDSTATUSCODES
250-PIPELINING
250-CHUNKING
250 SMTPUTF8
[15:27:51] CLIENT -> SERVER: STARTTLS
[15:27:51] SERVER -> CLIENT: 334 VXNlcm5hbWU6
[15:27:51] CLIENT -> SERVER: [credentials hidden]
[15:27:51] SERVER -> CLIENT: 220 2.0.0 Ready to start TLS
[15:27:51] SERVER -> CLIENT: 334 UGFzc3dvcmQ6
[15:27:51] CLIENT -> SERVER: [credentials hidden]
[15:27:51] CLIENT -> SERVER: EHLO localhost
[15:27:51] SERVER -> CLIENT: 235 2.7.0 Accepted
[15:27:51] CLIENT -> SERVER: MAIL FROM:<pvhoang08082004@gmail.com>
[15:27:52] SERVER -> CLIENT: 250-smtp.gmail.com at your service, [42.113.61.147]
250-SIZE 35882577
250-8BITMIME
250-AUTH LOGIN PLAIN XOAUTH2 PLAIN-CLIENTTOKEN OAUTHBEARER XOAUTH
250-ENHANCEDSTATUSCODES
250-PIPELINING
250-CHUNKING
250 SMTPUTF8
[15:27:52] CLIENT -> SERVER: AUTH LOGIN
[15:27:52] SERVER -> CLIENT: 250 2.1.0 OK 98e67ed59e1d1-37790c851e1sm932873a91.0 - gsmtp
[15:27:52] CLIENT -> SERVER: RCPT TO:<20221672@eaut.edu.vn>
[15:27:52] SERVER -> CLIENT: 334 VXNlcm5hbWU6
[15:27:52] CLIENT -> SERVER: [credentials hidden]
[15:27:52] SERVER -> CLIENT: 250 2.1.5 OK 98e67ed59e1d1-37790c851e1sm932873a91.0 - gsmtp
[15:27:52] CLIENT -> SERVER: DATA
[15:27:52] SERVER -> CLIENT: 334 UGFzc3dvcmQ6
[15:27:52] CLIENT -> SERVER: [credentials hidden]
[15:27:52] SERVER -> CLIENT: 354 Go ahead 98e67ed59e1d1-37790c851e1sm932873a91.0 - gsmtp
[15:27:52] CLIENT -> SERVER: Date: Thu, 11 Jun 2026 15:27:49 +0700
[15:27:52] CLIENT -> SERVER: To: 20221672@eaut.edu.vn
[15:27:52] CLIENT -> SERVER: From: Elite Fitness Gym <pvhoang08082004@gmail.com>
[15:27:52] CLIENT -> SERVER: Subject: =?UTF-8?Q?[Elite_Gym]_Nh=E1=BA=AFc_nh=E1=BB=9F:_Ch=C6=B0a_=C4=91=C4=83ng_k=C3=BD_ca_t=E1=BA=ADp?=
[15:27:52] CLIENT -> SERVER: Message-ID: <50B7XFs60alRoErkGAmUISHwdeyXauWyUFGTblNgmc@localhost>
[15:27:52] CLIENT -> SERVER: X-Mailer: PHPMailer 7.0.2 (https://github.com/PHPMailer/PHPMailer)
[15:27:52] CLIENT -> SERVER: MIME-Version: 1.0
[15:27:52] CLIENT -> SERVER: Content-Type: multipart/alternative;
[15:27:52] CLIENT -> SERVER:  boundary="b1=_50B7XFs60alRoErkGAmUISHwdeyXauWyUFGTblNgmc"
[15:27:52] CLIENT -> SERVER: Content-Transfer-Encoding: 8bit
[15:27:52] CLIENT -> SERVER:
[15:27:52] CLIENT -> SERVER: --b1=_50B7XFs60alRoErkGAmUISHwdeyXauWyUFGTblNgmc
[15:27:52] CLIENT -> SERVER: Content-Type: text/plain; charset=UTF-8
[15:27:52] CLIENT -> SERVER: Content-Transfer-Encoding: 8bit
[15:27:52] CLIENT -> SERVER:
[15:27:52] CLIENT -> SERVER: Hôm nay (11/06/2026) bạn chưa đăng ký ca tập nào. Hãy liên hệ lễ tân hoặc đặt lịch ngay!
[15:27:52] CLIENT -> SERVER:
[15:27:52] CLIENT -> SERVER: --b1=_50B7XFs60alRoErkGAmUISHwdeyXauWyUFGTblNgmc
[15:27:52] CLIENT -> SERVER: Content-Type: text/html; charset=UTF-8
[15:27:52] CLIENT -> SERVER: Content-Transfer-Encoding: 8bit
[15:27:52] CLIENT -> SERVER:
[15:27:52] CLIENT -> SERVER:
[15:27:52] CLIENT -> SERVER:         <html>
[15:27:52] CLIENT -> SERVER:         <body style='font-family:Arial,sans-serif;background:#0a0a0a;color:#fff;padding:30px;margin:0;'>
[15:27:52] CLIENT -> SERVER:           <div style='max-width:520px;margin:auto;background:#111111;border-radius:4px;overflow:hidden;border:1px solid rgba(204,0,0,.25);'>
[15:27:52] CLIENT -> SERVER:
[15:27:52] CLIENT -> SERVER:             <!-- Header -->
[15:27:52] CLIENT -> SERVER:             <div style='background:#cc0000;padding:18px 32px;display:flex;align-items:center;gap:12px;'>
[15:27:52] CLIENT -> SERVER:               <span style='font-family:Arial,sans-serif;font-size:1.5rem;font-weight:900;color:#fff;letter-spacing:2px;text-transform:uppercase;'>ELITE GYM</span>
[15:27:52] CLIENT -> SERVER:               <span style='color:rgba(255,255,255,.6);font-size:.8rem;margin-left:auto;text-transform:uppercase;letter-spacing:1px;'>Thông báo</span>
[15:27:52] CLIENT -> SERVER:             </div>
[15:27:52] CLIENT -> SERVER:
[15:27:52] CLIENT -> SERVER:             <!-- Body -->
[15:27:52] CLIENT -> SERVER:             <div style='padding:28px 32px;'>
[15:27:52] CLIENT -> SERVER:               <p style='color:rgba(255,255,255,.6);margin:0 0 6px;font-size:.85rem;'>Xin chào,</p>
[15:27:52] CLIENT -> SERVER:               <p style='color:#fff;font-size:1rem;font-weight:700;margin:0 0 20px;'>Hoàng Phạm Văn</p>
[15:27:52] CLIENT -> SERVER:
[15:27:52] CLIENT -> SERVER:               <!-- Notification card -->
[15:27:52] CLIENT -> SERVER:               <div style='background:rgba(255,255,255,.04);border-left:3px solid #f59e0b;border-radius:2px;padding:16px 20px;margin-bottom:20px;'>
[15:27:52] CLIENT -> SERVER:                 <div style='font-size:.85rem;color:#f59e0b;font-weight:700;margin-bottom:8px;'>
[15:27:52] CLIENT -> SERVER:                   📅 Chưa đăng ký ca tập hôm nay
[15:27:52] CLIENT -> SERVER:                 </div>
[15:27:52] CLIENT -> SERVER:                 <div style='color:rgba(255,255,255,.75);font-size:.9rem;line-height:1.6;'>
[15:27:52] CLIENT -> SERVER:                   Hôm nay (11/06/2026) bạn chưa đăng ký ca tập nào. Hãy liên hệ lễ tân hoặc đặt lịch ngay!
[15:27:52] CLIENT -> SERVER:                 </div>
[15:27:52] CLIENT -> SERVER:               </div>
[15:27:52] CLIENT -> SERVER:
[15:27:52] CLIENT -> SERVER:               <div style='text-align:center;margin:24px 0 8px;'>
[15:27:52] CLIENT -> SERVER:                 <a href='http://localhost/PHP/ELite_GYM/public/'
[15:27:52] CLIENT -> SERVER:                    style='background:#cc0000;color:#fff;text-decoration:none;padding:12px 32px;border-radius:3px;font-weight:700;font-size:.9rem;letter-spacing:1px;display:inline-block;'>
[15:27:52] CLIENT -> SERVER:                   Vào trang Elite Gym
[15:27:52] CLIENT -> SERVER:                 </a>
[15:27:52] CLIENT -> SERVER:               </div>
[15:27:52] CLIENT -> SERVER:             </div>
[15:27:52] CLIENT -> SERVER:
[15:27:52] CLIENT -> SERVER:             <!-- Footer -->
[15:27:52] CLIENT -> SERVER:             <div style='padding:16px 32px;border-top:1px solid rgba(255,255,255,.08);'>
[15:27:52] CLIENT -> SERVER:               <p style='color:rgba(255,255,255,.3);font-size:.75rem;margin:0;text-align:center;'>
[15:27:52] CLIENT -> SERVER:                 © 2026 Elite Fitness Gym. Nếu bạn không muốn nhận email này, liên hệ lễ tân.
[15:27:52] CLIENT -> SERVER:               </p>
[15:27:52] CLIENT -> SERVER:             </div>
[15:27:52] CLIENT -> SERVER:           </div>
[15:27:52] CLIENT -> SERVER:         </body></html>
[15:27:52] CLIENT -> SERVER:
[15:27:52] CLIENT -> SERVER:
[15:27:52] CLIENT -> SERVER: --b1=_50B7XFs60alRoErkGAmUISHwdeyXauWyUFGTblNgmc--
[15:27:52] CLIENT -> SERVER:
[15:27:52] CLIENT -> SERVER: .
[15:27:52] SERVER -> CLIENT: 235 2.7.0 Accepted
[15:27:52] CLIENT -> SERVER: MAIL FROM:<pvhoang08082004@gmail.com>
[15:27:52] SERVER -> CLIENT: 250 2.1.0 OK d9443c01a7336-2c164f6d45csm364119145ad.14 - gsmtp
[15:27:52] CLIENT -> SERVER: RCPT TO:<pvhoang08082004@gmail.com>
[15:27:53] SERVER -> CLIENT: 250 2.1.5 OK d9443c01a7336-2c164f6d45csm364119145ad.14 - gsmtp
[15:27:53] CLIENT -> SERVER: DATA
[15:27:53] SERVER -> CLIENT: 250 2.0.0 OK  1781166473 98e67ed59e1d1-37790c851e1sm932873a91.0 - gsmtp
[15:27:53] CLIENT -> SERVER: QUIT
[15:27:53] SERVER -> CLIENT: 354 Go ahead d9443c01a7336-2c164f6d45csm364119145ad.14 - gsmtp
[15:27:53] CLIENT -> SERVER: Date: Thu, 11 Jun 2026 15:27:50 +0700
[15:27:53] CLIENT -> SERVER: To: pvhoang08082004@gmail.com
[15:27:53] CLIENT -> SERVER: From: Elite Fitness Gym <pvhoang08082004@gmail.com>
[15:27:53] CLIENT -> SERVER: Subject: =?UTF-8?Q?[Elite_Gym]_Nh=E1=BA=AFc_nh=E1=BB=9F:_Ch=C6=B0a_=C4=91=C4=83ng_k=C3=BD_ca_t=E1=BA=ADp?=
[15:27:53] CLIENT -> SERVER: Message-ID: <wGs8uZFzQVzidvU1l5qmgsg6p9BfFpBijZ3sHilPE@localhost>
[15:27:53] CLIENT -> SERVER: X-Mailer: PHPMailer 7.0.2 (https://github.com/PHPMailer/PHPMailer)
[15:27:53] CLIENT -> SERVER: MIME-Version: 1.0
[15:27:53] CLIENT -> SERVER: Content-Type: multipart/alternative;
[15:27:53] CLIENT -> SERVER:  boundary="b1=_wGs8uZFzQVzidvU1l5qmgsg6p9BfFpBijZ3sHilPE"
[15:27:53] CLIENT -> SERVER: Content-Transfer-Encoding: 8bit
[15:27:53] CLIENT -> SERVER:
[15:27:53] CLIENT -> SERVER: --b1=_wGs8uZFzQVzidvU1l5qmgsg6p9BfFpBijZ3sHilPE
[15:27:53] CLIENT -> SERVER: Content-Type: text/plain; charset=UTF-8
[15:27:53] CLIENT -> SERVER: Content-Transfer-Encoding: 8bit
[15:27:53] CLIENT -> SERVER:
[15:27:53] CLIENT -> SERVER: Hôm nay (11/06/2026) bạn chưa đăng ký ca tập nào. Hãy liên hệ lễ tân hoặc đặt lịch ngay!
[15:27:53] CLIENT -> SERVER:
[15:27:53] CLIENT -> SERVER: --b1=_wGs8uZFzQVzidvU1l5qmgsg6p9BfFpBijZ3sHilPE
[15:27:53] CLIENT -> SERVER: Content-Type: text/html; charset=UTF-8
[15:27:53] CLIENT -> SERVER: Content-Transfer-Encoding: 8bit
[15:27:53] CLIENT -> SERVER:
[15:27:53] CLIENT -> SERVER:
[15:27:53] CLIENT -> SERVER:         <html>
[15:27:53] CLIENT -> SERVER:         <body style='font-family:Arial,sans-serif;background:#0a0a0a;color:#fff;padding:30px;margin:0;'>
[15:27:53] CLIENT -> SERVER:           <div style='max-width:520px;margin:auto;background:#111111;border-radius:4px;overflow:hidden;border:1px solid rgba(204,0,0,.25);'>
[15:27:53] CLIENT -> SERVER:
[15:27:53] CLIENT -> SERVER:             <!-- Header -->
[15:27:53] CLIENT -> SERVER:             <div style='background:#cc0000;padding:18px 32px;display:flex;align-items:center;gap:12px;'>
[15:27:53] CLIENT -> SERVER:               <span style='font-family:Arial,sans-serif;font-size:1.5rem;font-weight:900;color:#fff;letter-spacing:2px;text-transform:uppercase;'>ELITE GYM</span>
[15:27:53] CLIENT -> SERVER:               <span style='color:rgba(255,255,255,.6);font-size:.8rem;margin-left:auto;text-transform:uppercase;letter-spacing:1px;'>Thông báo</span>
[15:27:53] CLIENT -> SERVER:             </div>
[15:27:53] CLIENT -> SERVER:
[15:27:53] CLIENT -> SERVER:             <!-- Body -->
[15:27:53] CLIENT -> SERVER:             <div style='padding:28px 32px;'>
[15:27:53] CLIENT -> SERVER:               <p style='color:rgba(255,255,255,.6);margin:0 0 6px;font-size:.85rem;'>Xin chào,</p>
[15:27:53] CLIENT -> SERVER:               <p style='color:#fff;font-size:1rem;font-weight:700;margin:0 0 20px;'>Phạm Văn Hoàng</p>
[15:27:53] CLIENT -> SERVER:
[15:27:53] CLIENT -> SERVER:               <!-- Notification card -->
[15:27:53] CLIENT -> SERVER:               <div style='background:rgba(255,255,255,.04);border-left:3px solid #f59e0b;border-radius:2px;padding:16px 20px;margin-bottom:20px;'>
[15:27:53] CLIENT -> SERVER:                 <div style='font-size:.85rem;color:#f59e0b;font-weight:700;margin-bottom:8px;'>
[15:27:53] CLIENT -> SERVER:                   📅 Chưa đăng ký ca tập hôm nay
[15:27:53] CLIENT -> SERVER:                 </div>
[15:27:53] CLIENT -> SERVER:                 <div style='color:rgba(255,255,255,.75);font-size:.9rem;line-height:1.6;'>
[15:27:53] CLIENT -> SERVER:                   Hôm nay (11/06/2026) bạn chưa đăng ký ca tập nào. Hãy liên hệ lễ tân hoặc đặt lịch ngay!
[15:27:53] CLIENT -> SERVER:                 </div>
[15:27:53] CLIENT -> SERVER:               </div>
[15:27:53] CLIENT -> SERVER:
[15:27:53] CLIENT -> SERVER:               <div style='text-align:center;margin:24px 0 8px;'>
[15:27:53] CLIENT -> SERVER:                 <a href='http://localhost/PHP/ELite_GYM/public/'
[15:27:53] CLIENT -> SERVER:                    style='background:#cc0000;color:#fff;text-decoration:none;padding:12px 32px;border-radius:3px;font-weight:700;font-size:.9rem;letter-spacing:1px;display:inline-block;'>
[15:27:53] CLIENT -> SERVER:                   Vào trang Elite Gym
[15:27:53] CLIENT -> SERVER:                 </a>
[15:27:53] CLIENT -> SERVER:               </div>
[15:27:53] CLIENT -> SERVER:             </div>
[15:27:53] CLIENT -> SERVER:
[15:27:53] CLIENT -> SERVER:             <!-- Footer -->
[15:27:53] CLIENT -> SERVER:             <div style='padding:16px 32px;border-top:1px solid rgba(255,255,255,.08);'>
[15:27:53] CLIENT -> SERVER:               <p style='color:rgba(255,255,255,.3);font-size:.75rem;margin:0;text-align:center;'>
[15:27:53] CLIENT -> SERVER:                 © 2026 Elite Fitness Gym. Nếu bạn không muốn nhận email này, liên hệ lễ tân.
[15:27:53] CLIENT -> SERVER:               </p>
[15:27:53] CLIENT -> SERVER:             </div>
[15:27:53] CLIENT -> SERVER:           </div>
[15:27:53] CLIENT -> SERVER:         </body></html>
[15:27:53] CLIENT -> SERVER:
[15:27:53] CLIENT -> SERVER:
[15:27:53] CLIENT -> SERVER: --b1=_wGs8uZFzQVzidvU1l5qmgsg6p9BfFpBijZ3sHilPE--
[15:27:53] CLIENT -> SERVER:
[15:27:53] CLIENT -> SERVER: .
[15:27:53] SERVER -> CLIENT: 221 2.0.0 closing connection 98e67ed59e1d1-37790c851e1sm932873a91.0 - gsmtp
[15:27:53] SERVER -> CLIENT: 250 2.0.0 OK  1781166473 d9443c01a7336-2c164f6d45csm364119145ad.14 - gsmtp
[15:27:53] CLIENT -> SERVER: QUIT
[15:27:54] SERVER -> CLIENT: 221 2.0.0 closing connection d9443c01a7336-2c164f6d45csm364119145ad.14 - gsmtp
[15:27:54] SERVER -> CLIENT: 220 smtp.gmail.com ESMTP d2e1a72fcca58-84337b8fd4dsm1289538b3a.2 - gsmtp
[15:27:54] CLIENT -> SERVER: EHLO localhost
[15:27:54] SERVER -> CLIENT: 250-smtp.gmail.com at your service, [42.113.61.147]
250-SIZE 35882577
250-8BITMIME
250-STARTTLS
250-ENHANCEDSTATUSCODES
250-PIPELINING
250-CHUNKING
250 SMTPUTF8
[15:27:54] CLIENT -> SERVER: STARTTLS
[15:27:54] SERVER -> CLIENT: 220 2.0.0 Ready to start TLS
[15:27:54] CLIENT -> SERVER: EHLO localhost
[15:27:55] SERVER -> CLIENT: 250-smtp.gmail.com at your service, [42.113.61.147]
250-SIZE 35882577
250-8BITMIME
250-AUTH LOGIN PLAIN XOAUTH2 PLAIN-CLIENTTOKEN OAUTHBEARER XOAUTH
250-ENHANCEDSTATUSCODES
250-PIPELINING
250-CHUNKING
250 SMTPUTF8
[15:27:55] CLIENT -> SERVER: AUTH LOGIN
[15:27:55] SERVER -> CLIENT: 334 VXNlcm5hbWU6
[15:27:55] CLIENT -> SERVER: [credentials hidden]
[15:27:55] SERVER -> CLIENT: 334 UGFzc3dvcmQ6
[15:27:55] CLIENT -> SERVER: [credentials hidden]
[15:27:55] SERVER -> CLIENT: 235 2.7.0 Accepted
[15:27:55] CLIENT -> SERVER: MAIL FROM:<pvhoang08082004@gmail.com>
[15:27:56] SERVER -> CLIENT: 250 2.1.0 OK d2e1a72fcca58-84337b8fd4dsm1289538b3a.2 - gsmtp
[15:27:56] CLIENT -> SERVER: RCPT TO:<hoang080820041aa@gmail.com>
[15:27:56] SERVER -> CLIENT: 250 2.1.5 OK d2e1a72fcca58-84337b8fd4dsm1289538b3a.2 - gsmtp
[15:27:56] CLIENT -> SERVER: DATA
[15:27:56] SERVER -> CLIENT: 354 Go ahead d2e1a72fcca58-84337b8fd4dsm1289538b3a.2 - gsmtp
[15:27:56] CLIENT -> SERVER: Date: Thu, 11 Jun 2026 15:27:53 +0700
[15:27:56] CLIENT -> SERVER: To: hoang080820041aa@gmail.com
[15:27:56] CLIENT -> SERVER: From: Elite Fitness Gym <pvhoang08082004@gmail.com>
[15:27:56] CLIENT -> SERVER: Subject: =?UTF-8?Q?[Elite_Gym]_Th=C3=B4ng_b=C3=A1o_m=E1=BB=9Bi?=
[15:27:56] CLIENT -> SERVER: Message-ID: <iRm4sU8o79XbdjoPYH815fCFcDLNFHxf66Klsss0@localhost>
[15:27:56] CLIENT -> SERVER: X-Mailer: PHPMailer 7.0.2 (https://github.com/PHPMailer/PHPMailer)
[15:27:56] CLIENT -> SERVER: MIME-Version: 1.0
[15:27:56] CLIENT -> SERVER: Content-Type: multipart/alternative;
[15:27:56] CLIENT -> SERVER:  boundary="b1=_iRm4sU8o79XbdjoPYH815fCFcDLNFHxf66Klsss0"
[15:27:56] CLIENT -> SERVER: Content-Transfer-Encoding: 8bit
[15:27:56] CLIENT -> SERVER:
[15:27:56] CLIENT -> SERVER: --b1=_iRm4sU8o79XbdjoPYH815fCFcDLNFHxf66Klsss0
[15:27:56] CLIENT -> SERVER: Content-Type: text/plain; charset=UTF-8
[15:27:56] CLIENT -> SERVER: Content-Transfer-Encoding: 8bit
[15:27:56] CLIENT -> SERVER:
[15:27:56] CLIENT -> SERVER: Gói tập của bạn còn 3 ngày (hết hạn: 14/06/2026). Gia hạn sớm để không gián đoạn!
[15:27:56] CLIENT -> SERVER:
[15:27:56] CLIENT -> SERVER: Gia hạn tại: http://localhost/PHP/ELite_GYM/scripts/payment
[15:27:56] CLIENT -> SERVER:
[15:27:56] CLIENT -> SERVER: --b1=_iRm4sU8o79XbdjoPYH815fCFcDLNFHxf66Klsss0
[15:27:56] CLIENT -> SERVER: Content-Type: text/html; charset=UTF-8
[15:27:56] CLIENT -> SERVER: Content-Transfer-Encoding: 8bit
[15:27:56] CLIENT -> SERVER:
[15:27:56] CLIENT -> SERVER:
[15:27:56] CLIENT -> SERVER:         <html>
[15:27:56] CLIENT -> SERVER:         <body style='font-family:Arial,sans-serif;background:#0a0a0a;color:#fff;padding:30px;margin:0;'>
[15:27:56] CLIENT -> SERVER:           <div style='max-width:520px;margin:auto;background:#111111;border-radius:4px;overflow:hidden;border:1px solid rgba(204,0,0,.25);'>
[15:27:56] CLIENT -> SERVER:
[15:27:56] CLIENT -> SERVER:             <!-- Header -->
[15:27:56] CLIENT -> SERVER:             <div style='background:#cc0000;padding:18px 32px;display:flex;align-items:center;gap:12px;'>
[15:27:56] CLIENT -> SERVER:               <span style='font-family:Arial,sans-serif;font-size:1.5rem;font-weight:900;color:#fff;letter-spacing:2px;text-transform:uppercase;'>ELITE GYM</span>
[15:27:56] CLIENT -> SERVER:               <span style='color:rgba(255,255,255,.6);font-size:.8rem;margin-left:auto;text-transform:uppercase;letter-spacing:1px;'>Thông báo</span>
[15:27:56] CLIENT -> SERVER:             </div>
[15:27:56] CLIENT -> SERVER:
[15:27:56] CLIENT -> SERVER:             <!-- Body -->
[15:27:56] CLIENT -> SERVER:             <div style='padding:28px 32px;'>
[15:27:56] CLIENT -> SERVER:               <p style='color:rgba(255,255,255,.6);margin:0 0 6px;font-size:.85rem;'>Xin chào,</p>
[15:27:56] CLIENT -> SERVER:               <p style='color:#fff;font-size:1rem;font-weight:700;margin:0 0 20px;'>Nguyễn Thị Thu Cúc</p>
[15:27:56] CLIENT -> SERVER:
[15:27:56] CLIENT -> SERVER:               <!-- Notification card -->
[15:27:56] CLIENT -> SERVER:               <div style='background:rgba(255,255,255,.04);border-left:3px solid #cc0000;border-radius:2px;padding:16px 20px;margin-bottom:20px;'>
[15:27:56] CLIENT -> SERVER:                 <div style='font-size:.85rem;color:#cc0000;font-weight:700;margin-bottom:8px;'>
[15:27:56] CLIENT -> SERVER:                   🔔 Gói tập sắp hết hạn (3 ngày)
[15:27:56] CLIENT -> SERVER:                 </div>
[15:27:56] CLIENT -> SERVER:                 <div style='color:rgba(255,255,255,.75);font-size:.9rem;line-height:1.6;'>
[15:27:56] CLIENT -> SERVER:                   Gói tập của bạn còn 3 ngày (hết hạn: 14/06/2026). Gia hạn sớm để không gián đoạn!<br />
[15:27:56] CLIENT -> SERVER: <br />
[15:27:56] CLIENT -> SERVER: Gia hạn tại: http://localhost/PHP/ELite_GYM/scripts/payment
[15:27:56] CLIENT -> SERVER:                 </div>
[15:27:56] CLIENT -> SERVER:               </div>
[15:27:56] CLIENT -> SERVER:
[15:27:56] CLIENT -> SERVER:               <div style='text-align:center;margin:24px 0 8px;'>
[15:27:56] CLIENT -> SERVER:                 <a href='http://localhost/PHP/ELite_GYM/public/'
[15:27:56] CLIENT -> SERVER:                    style='background:#cc0000;color:#fff;text-decoration:none;padding:12px 32px;border-radius:3px;font-weight:700;font-size:.9rem;letter-spacing:1px;display:inline-block;'>
[15:27:56] CLIENT -> SERVER:                   Vào trang Elite Gym
[15:27:56] CLIENT -> SERVER:                 </a>
[15:27:56] CLIENT -> SERVER:               </div>
[15:27:56] CLIENT -> SERVER:             </div>
[15:27:56] CLIENT -> SERVER:
[15:27:56] CLIENT -> SERVER:             <!-- Footer -->
[15:27:56] CLIENT -> SERVER:             <div style='padding:16px 32px;border-top:1px solid rgba(255,255,255,.08);'>
[15:27:56] CLIENT -> SERVER:               <p style='color:rgba(255,255,255,.3);font-size:.75rem;margin:0;text-align:center;'>
[15:27:56] CLIENT -> SERVER:                 © 2026 Elite Fitness Gym. Nếu bạn không muốn nhận email này, liên hệ lễ tân.
[15:27:56] CLIENT -> SERVER:               </p>
[15:27:56] CLIENT -> SERVER:             </div>
[15:27:56] CLIENT -> SERVER:           </div>
[15:27:56] CLIENT -> SERVER:         </body></html>
[15:27:56] CLIENT -> SERVER:
[15:27:56] CLIENT -> SERVER:
[15:27:56] CLIENT -> SERVER: --b1=_iRm4sU8o79XbdjoPYH815fCFcDLNFHxf66Klsss0--
[15:27:56] CLIENT -> SERVER:
[15:27:56] CLIENT -> SERVER: .
[15:27:57] SERVER -> CLIENT: 250 2.0.0 OK  1781166476 d2e1a72fcca58-84337b8fd4dsm1289538b3a.2 - gsmtp
[15:27:57] CLIENT -> SERVER: QUIT
[15:27:57] SERVER -> CLIENT: 221 2.0.0 closing connection d2e1a72fcca58-84337b8fd4dsm1289538b3a.2 - gsmtp
[16:13:40] SERVER -> CLIENT: 220 smtp.gmail.com ESMTP d2e1a72fcca58-84337bba740sm1439605b3a.23 - gsmtp
[16:13:40] CLIENT -> SERVER: EHLO DESKTOP-8FL2APL
[16:13:40] SERVER -> CLIENT: 250-smtp.gmail.com at your service, [42.113.61.147]
250-SIZE 35882577
250-8BITMIME
250-STARTTLS
250-ENHANCEDSTATUSCODES
250-PIPELINING
250-CHUNKING
250 SMTPUTF8
[16:13:40] CLIENT -> SERVER: STARTTLS
[16:13:41] SERVER -> CLIENT: 220 2.0.0 Ready to start TLS
[16:13:41] CLIENT -> SERVER: EHLO DESKTOP-8FL2APL
[16:13:41] SERVER -> CLIENT: 250-smtp.gmail.com at your service, [42.113.61.147]
250-SIZE 35882577
250-8BITMIME
250-AUTH LOGIN PLAIN XOAUTH2 PLAIN-CLIENTTOKEN OAUTHBEARER XOAUTH
250-ENHANCEDSTATUSCODES
250-PIPELINING
250-CHUNKING
250 SMTPUTF8
[16:13:41] CLIENT -> SERVER: AUTH LOGIN
[16:13:41] SERVER -> CLIENT: 334 VXNlcm5hbWU6
[16:13:41] CLIENT -> SERVER: [credentials hidden]
[16:13:42] SERVER -> CLIENT: 334 UGFzc3dvcmQ6
[16:13:42] CLIENT -> SERVER: [credentials hidden]
[16:13:42] SERVER -> CLIENT: 235 2.7.0 Accepted
[16:13:42] CLIENT -> SERVER: MAIL FROM:<pvhoang08082004@gmail.com>
[16:13:42] SERVER -> CLIENT: 250 2.1.0 OK d2e1a72fcca58-84337bba740sm1439605b3a.23 - gsmtp
[16:13:42] CLIENT -> SERVER: RCPT TO:<pvhoang08082004@gmail.com>
[16:13:42] SERVER -> CLIENT: 250 2.1.5 OK d2e1a72fcca58-84337bba740sm1439605b3a.23 - gsmtp
[16:13:42] CLIENT -> SERVER: DATA
[16:13:43] SERVER -> CLIENT: 354 Go ahead d2e1a72fcca58-84337bba740sm1439605b3a.23 - gsmtp
[16:13:43] CLIENT -> SERVER: Date: Thu, 11 Jun 2026 16:13:40 +0700
[16:13:43] CLIENT -> SERVER: To: pvhoang08082004@gmail.com
[16:13:43] CLIENT -> SERVER: From: Elite Fitness Gym <pvhoang08082004@gmail.com>
[16:13:43] CLIENT -> SERVER: Subject: =?UTF-8?Q?[Elite_Gym]_Nh=E1=BA=AFc_nh=E1=BB=9F:_Ch=C6=B0a_=C4=91=C4=83ng_k=C3=BD_ca_t=E1=BA=ADp?=
[16:13:43] CLIENT -> SERVER: Message-ID: <2e9bIxclmdk1jpdVSLnRJOtF7TDGRNZw8TZYCYMGWM@DESKTOP-8FL2APL>
[16:13:43] CLIENT -> SERVER: X-Mailer: PHPMailer 7.0.2 (https://github.com/PHPMailer/PHPMailer)
[16:13:43] CLIENT -> SERVER: MIME-Version: 1.0
[16:13:43] CLIENT -> SERVER: Content-Type: multipart/alternative;
[16:13:43] CLIENT -> SERVER:  boundary="b1=_2e9bIxclmdk1jpdVSLnRJOtF7TDGRNZw8TZYCYMGWM"
[16:13:43] CLIENT -> SERVER: Content-Transfer-Encoding: 8bit
[16:13:43] CLIENT -> SERVER:
[16:13:43] CLIENT -> SERVER: --b1=_2e9bIxclmdk1jpdVSLnRJOtF7TDGRNZw8TZYCYMGWM
[16:13:43] CLIENT -> SERVER: Content-Type: text/plain; charset=UTF-8
[16:13:43] CLIENT -> SERVER: Content-Transfer-Encoding: 8bit
[16:13:43] CLIENT -> SERVER:
[16:13:43] CLIENT -> SERVER: Hôm nay (11/06/2026) bạn chưa đăng ký ca tập nào. Hãy liên hệ lễ tân hoặc đặt lịch ngay!
[16:13:43] CLIENT -> SERVER:
[16:13:43] CLIENT -> SERVER: --b1=_2e9bIxclmdk1jpdVSLnRJOtF7TDGRNZw8TZYCYMGWM
[16:13:43] CLIENT -> SERVER: Content-Type: text/html; charset=UTF-8
[16:13:43] CLIENT -> SERVER: Content-Transfer-Encoding: 8bit
[16:13:43] CLIENT -> SERVER:
[16:13:43] CLIENT -> SERVER:
[16:13:43] CLIENT -> SERVER:         <html>
[16:13:43] CLIENT -> SERVER:         <body style='font-family:Arial,sans-serif;background:#0a0a0a;color:#fff;padding:30px;margin:0;'>
[16:13:43] CLIENT -> SERVER:           <div style='max-width:520px;margin:auto;background:#111111;border-radius:4px;overflow:hidden;border:1px solid rgba(204,0,0,.25);'>
[16:13:43] CLIENT -> SERVER:
[16:13:43] CLIENT -> SERVER:             <!-- Header -->
[16:13:43] CLIENT -> SERVER:             <div style='background:#cc0000;padding:18px 32px;display:flex;align-items:center;gap:12px;'>
[16:13:43] CLIENT -> SERVER:               <span style='font-family:Arial,sans-serif;font-size:1.5rem;font-weight:900;color:#fff;letter-spacing:2px;text-transform:uppercase;'>ELITE GYM</span>
[16:13:43] CLIENT -> SERVER:               <span style='color:rgba(255,255,255,.6);font-size:.8rem;margin-left:auto;text-transform:uppercase;letter-spacing:1px;'>Thông báo</span>
[16:13:43] CLIENT -> SERVER:             </div>
[16:13:43] CLIENT -> SERVER:
[16:13:43] CLIENT -> SERVER:             <!-- Body -->
[16:13:43] CLIENT -> SERVER:             <div style='padding:28px 32px;'>
[16:13:43] CLIENT -> SERVER:               <p style='color:rgba(255,255,255,.6);margin:0 0 6px;font-size:.85rem;'>Xin chào,</p>
[16:13:43] CLIENT -> SERVER:               <p style='color:#fff;font-size:1rem;font-weight:700;margin:0 0 20px;'>Hoàng Phạm Văn</p>
[16:13:43] CLIENT -> SERVER:
[16:13:43] CLIENT -> SERVER:               <!-- Notification card -->
[16:13:43] CLIENT -> SERVER:               <div style='background:rgba(255,255,255,.04);border-left:3px solid #f59e0b;border-radius:2px;padding:16px 20px;margin-bottom:20px;'>
[16:13:43] CLIENT -> SERVER:                 <div style='font-size:.85rem;color:#f59e0b;font-weight:700;margin-bottom:8px;'>
[16:13:43] CLIENT -> SERVER:                   📅 Chưa đăng ký ca tập hôm nay
[16:13:43] CLIENT -> SERVER:                 </div>
[16:13:43] CLIENT -> SERVER:                 <div style='color:rgba(255,255,255,.75);font-size:.9rem;line-height:1.6;'>
[16:13:43] CLIENT -> SERVER:                   Hôm nay (11/06/2026) bạn chưa đăng ký ca tập nào. Hãy liên hệ lễ tân hoặc đặt lịch ngay!
[16:13:43] CLIENT -> SERVER:                 </div>
[16:13:43] CLIENT -> SERVER:               </div>
[16:13:43] CLIENT -> SERVER:
[16:13:43] CLIENT -> SERVER:               <div style='text-align:center;margin:24px 0 8px;'>
[16:13:43] CLIENT -> SERVER:                 <a href='http://localhost/PHP/ELite_GYM/public/'
[16:13:43] CLIENT -> SERVER:                    style='background:#cc0000;color:#fff;text-decoration:none;padding:12px 32px;border-radius:3px;font-weight:700;font-size:.9rem;letter-spacing:1px;display:inline-block;'>
[16:13:43] CLIENT -> SERVER:                   Vào trang Elite Gym
[16:13:43] CLIENT -> SERVER:                 </a>
[16:13:43] CLIENT -> SERVER:               </div>
[16:13:43] CLIENT -> SERVER:             </div>
[16:13:43] CLIENT -> SERVER:
[16:13:43] CLIENT -> SERVER:             <!-- Footer -->
[16:13:43] CLIENT -> SERVER:             <div style='padding:16px 32px;border-top:1px solid rgba(255,255,255,.08);'>
[16:13:43] CLIENT -> SERVER:               <p style='color:rgba(255,255,255,.3);font-size:.75rem;margin:0;text-align:center;'>
[16:13:43] CLIENT -> SERVER:                 © 2026 Elite Fitness Gym. Nếu bạn không muốn nhận email này, liên hệ lễ tân.
[16:13:43] CLIENT -> SERVER:               </p>
[16:13:43] CLIENT -> SERVER:             </div>
[16:13:43] CLIENT -> SERVER:           </div>
[16:13:43] CLIENT -> SERVER:         </body></html>
[16:13:43] CLIENT -> SERVER:
[16:13:43] CLIENT -> SERVER:
[16:13:43] CLIENT -> SERVER: --b1=_2e9bIxclmdk1jpdVSLnRJOtF7TDGRNZw8TZYCYMGWM--
[16:13:43] CLIENT -> SERVER:
[16:13:43] CLIENT -> SERVER: .
[16:13:43] SERVER -> CLIENT: 250 2.0.0 OK  1781169223 d2e1a72fcca58-84337bba740sm1439605b3a.23 - gsmtp
[16:13:43] CLIENT -> SERVER: QUIT
[16:13:44] SERVER -> CLIENT: 221 2.0.0 closing connection d2e1a72fcca58-84337bba740sm1439605b3a.23 - gsmtp
[16:13:45] SERVER -> CLIENT: 220 smtp.gmail.com ESMTP 98e67ed59e1d1-377a9194afesm1271785a91.2 - gsmtp
[16:13:45] CLIENT -> SERVER: EHLO DESKTOP-8FL2APL
[16:13:45] SERVER -> CLIENT: 250-smtp.gmail.com at your service, [42.113.61.147]
250-SIZE 35882577
250-8BITMIME
250-STARTTLS
250-ENHANCEDSTATUSCODES
250-PIPELINING
250-CHUNKING
250 SMTPUTF8
[16:13:45] CLIENT -> SERVER: STARTTLS
[16:13:45] SERVER -> CLIENT: 220 2.0.0 Ready to start TLS
[16:13:45] CLIENT -> SERVER: EHLO DESKTOP-8FL2APL
[16:13:45] SERVER -> CLIENT: 250-smtp.gmail.com at your service, [42.113.61.147]
250-SIZE 35882577
250-8BITMIME
250-AUTH LOGIN PLAIN XOAUTH2 PLAIN-CLIENTTOKEN OAUTHBEARER XOAUTH
250-ENHANCEDSTATUSCODES
250-PIPELINING
250-CHUNKING
250 SMTPUTF8
[16:13:45] CLIENT -> SERVER: AUTH LOGIN
[16:13:45] SERVER -> CLIENT: 334 VXNlcm5hbWU6
[16:13:45] CLIENT -> SERVER: [credentials hidden]
[16:13:46] SERVER -> CLIENT: 334 UGFzc3dvcmQ6
[16:13:46] CLIENT -> SERVER: [credentials hidden]
[16:13:46] SERVER -> CLIENT: 235 2.7.0 Accepted
[16:13:46] CLIENT -> SERVER: MAIL FROM:<pvhoang08082004@gmail.com>
[16:13:46] SERVER -> CLIENT: 250 2.1.0 OK 98e67ed59e1d1-377a9194afesm1271785a91.2 - gsmtp
[16:13:46] CLIENT -> SERVER: RCPT TO:<tcuc041126@gmail.com>
[16:13:46] SERVER -> CLIENT: 250 2.1.5 OK 98e67ed59e1d1-377a9194afesm1271785a91.2 - gsmtp
[16:13:46] CLIENT -> SERVER: DATA
[16:13:47] SERVER -> CLIENT: 354 Go ahead 98e67ed59e1d1-377a9194afesm1271785a91.2 - gsmtp
[16:13:47] CLIENT -> SERVER: Date: Thu, 11 Jun 2026 16:13:44 +0700
[16:13:47] CLIENT -> SERVER: To: tcuc041126@gmail.com
[16:13:47] CLIENT -> SERVER: From: Elite Fitness Gym <pvhoang08082004@gmail.com>
[16:13:47] CLIENT -> SERVER: Subject: =?UTF-8?Q?[Elite_Gym]_Nh=E1=BA=AFc_nh=E1=BB=9F:_Ch=C6=B0a_=C4=91=C4=83ng_k=C3=BD_ca_t=E1=BA=ADp?=
[16:13:47] CLIENT -> SERVER: Message-ID: <iPTiJLHJdlD9kV21cbEqgF3QXpPfeRXcwZMnbyOnhY@DESKTOP-8FL2APL>
[16:13:47] CLIENT -> SERVER: X-Mailer: PHPMailer 7.0.2 (https://github.com/PHPMailer/PHPMailer)
[16:13:47] CLIENT -> SERVER: MIME-Version: 1.0
[16:13:47] CLIENT -> SERVER: Content-Type: multipart/alternative;
[16:13:47] CLIENT -> SERVER:  boundary="b1=_iPTiJLHJdlD9kV21cbEqgF3QXpPfeRXcwZMnbyOnhY"
[16:13:47] CLIENT -> SERVER: Content-Transfer-Encoding: 8bit
[16:13:47] CLIENT -> SERVER:
[16:13:47] CLIENT -> SERVER: --b1=_iPTiJLHJdlD9kV21cbEqgF3QXpPfeRXcwZMnbyOnhY
[16:13:47] CLIENT -> SERVER: Content-Type: text/plain; charset=UTF-8
[16:13:47] CLIENT -> SERVER: Content-Transfer-Encoding: 8bit
[16:13:47] CLIENT -> SERVER:
[16:13:47] CLIENT -> SERVER: Hôm nay (11/06/2026) bạn chưa đăng ký ca tập nào. Hãy liên hệ lễ tân hoặc đặt lịch ngay!
[16:13:47] CLIENT -> SERVER:
[16:13:47] CLIENT -> SERVER: --b1=_iPTiJLHJdlD9kV21cbEqgF3QXpPfeRXcwZMnbyOnhY
[16:13:47] CLIENT -> SERVER: Content-Type: text/html; charset=UTF-8
[16:13:47] CLIENT -> SERVER: Content-Transfer-Encoding: 8bit
[16:13:47] CLIENT -> SERVER:
[16:13:47] CLIENT -> SERVER:
[16:13:47] CLIENT -> SERVER:         <html>
[16:13:47] CLIENT -> SERVER:         <body style='font-family:Arial,sans-serif;background:#0a0a0a;color:#fff;padding:30px;margin:0;'>
[16:13:47] CLIENT -> SERVER:           <div style='max-width:520px;margin:auto;background:#111111;border-radius:4px;overflow:hidden;border:1px solid rgba(204,0,0,.25);'>
[16:13:47] CLIENT -> SERVER:
[16:13:47] CLIENT -> SERVER:             <!-- Header -->
[16:13:47] CLIENT -> SERVER:             <div style='background:#cc0000;padding:18px 32px;display:flex;align-items:center;gap:12px;'>
[16:13:47] CLIENT -> SERVER:               <span style='font-family:Arial,sans-serif;font-size:1.5rem;font-weight:900;color:#fff;letter-spacing:2px;text-transform:uppercase;'>ELITE GYM</span>
[16:13:47] CLIENT -> SERVER:               <span style='color:rgba(255,255,255,.6);font-size:.8rem;margin-left:auto;text-transform:uppercase;letter-spacing:1px;'>Thông báo</span>
[16:13:47] CLIENT -> SERVER:             </div>
[16:13:47] CLIENT -> SERVER:
[16:13:47] CLIENT -> SERVER:             <!-- Body -->
[16:13:47] CLIENT -> SERVER:             <div style='padding:28px 32px;'>
[16:13:47] CLIENT -> SERVER:               <p style='color:rgba(255,255,255,.6);margin:0 0 6px;font-size:.85rem;'>Xin chào,</p>
[16:13:47] CLIENT -> SERVER:               <p style='color:#fff;font-size:1rem;font-weight:700;margin:0 0 20px;'>Nguyễn Thị Thu Cúc</p>
[16:13:47] CLIENT -> SERVER:
[16:13:47] CLIENT -> SERVER:               <!-- Notification card -->
[16:13:47] CLIENT -> SERVER:               <div style='background:rgba(255,255,255,.04);border-left:3px solid #f59e0b;border-radius:2px;padding:16px 20px;margin-bottom:20px;'>
[16:13:47] CLIENT -> SERVER:                 <div style='font-size:.85rem;color:#f59e0b;font-weight:700;margin-bottom:8px;'>
[16:13:47] CLIENT -> SERVER:                   📅 Chưa đăng ký ca tập hôm nay
[16:13:47] CLIENT -> SERVER:                 </div>
[16:13:47] CLIENT -> SERVER:                 <div style='color:rgba(255,255,255,.75);font-size:.9rem;line-height:1.6;'>
[16:13:47] CLIENT -> SERVER:                   Hôm nay (11/06/2026) bạn chưa đăng ký ca tập nào. Hãy liên hệ lễ tân hoặc đặt lịch ngay!
[16:13:47] CLIENT -> SERVER:                 </div>
[16:13:47] CLIENT -> SERVER:               </div>
[16:13:47] CLIENT -> SERVER:
[16:13:47] CLIENT -> SERVER:               <div style='text-align:center;margin:24px 0 8px;'>
[16:13:47] CLIENT -> SERVER:                 <a href='http://localhost/PHP/ELite_GYM/public/'
[16:13:47] CLIENT -> SERVER:                    style='background:#cc0000;color:#fff;text-decoration:none;padding:12px 32px;border-radius:3px;font-weight:700;font-size:.9rem;letter-spacing:1px;display:inline-block;'>
[16:13:47] CLIENT -> SERVER:                   Vào trang Elite Gym
[16:13:47] CLIENT -> SERVER:                 </a>
[16:13:47] CLIENT -> SERVER:               </div>
[16:13:47] CLIENT -> SERVER:             </div>
[16:13:47] CLIENT -> SERVER:
[16:13:47] CLIENT -> SERVER:             <!-- Footer -->
[16:13:47] CLIENT -> SERVER:             <div style='padding:16px 32px;border-top:1px solid rgba(255,255,255,.08);'>
[16:13:47] CLIENT -> SERVER:               <p style='color:rgba(255,255,255,.3);font-size:.75rem;margin:0;text-align:center;'>
[16:13:47] CLIENT -> SERVER:                 © 2026 Elite Fitness Gym. Nếu bạn không muốn nhận email này, liên hệ lễ tân.
[16:13:47] CLIENT -> SERVER:               </p>
[16:13:47] CLIENT -> SERVER:             </div>
[16:13:47] CLIENT -> SERVER:           </div>
[16:13:47] CLIENT -> SERVER:         </body></html>
[16:13:47] CLIENT -> SERVER:
[16:13:47] CLIENT -> SERVER:
[16:13:47] CLIENT -> SERVER: --b1=_iPTiJLHJdlD9kV21cbEqgF3QXpPfeRXcwZMnbyOnhY--
[16:13:47] CLIENT -> SERVER:
[16:13:47] CLIENT -> SERVER: .
[16:13:47] SERVER -> CLIENT: 250 2.0.0 OK  1781169227 98e67ed59e1d1-377a9194afesm1271785a91.2 - gsmtp
[16:13:47] CLIENT -> SERVER: QUIT
[16:13:47] SERVER -> CLIENT: 221 2.0.0 closing connection 98e67ed59e1d1-377a9194afesm1271785a91.2 - gsmtp
[16:13:48] SERVER -> CLIENT: 220 smtp.gmail.com ESMTP d9443c01a7336-2c2d9bb2199sm22790115ad.77 - gsmtp
[16:13:48] CLIENT -> SERVER: EHLO DESKTOP-8FL2APL
[16:13:48] SERVER -> CLIENT: 250-smtp.gmail.com at your service, [42.113.61.147]
250-SIZE 35882577
250-8BITMIME
250-STARTTLS
250-ENHANCEDSTATUSCODES
250-PIPELINING
250-CHUNKING
250 SMTPUTF8
[16:13:48] CLIENT -> SERVER: STARTTLS
[16:13:48] SERVER -> CLIENT: 220 2.0.0 Ready to start TLS
[16:13:49] CLIENT -> SERVER: EHLO DESKTOP-8FL2APL
[16:13:49] SERVER -> CLIENT: 250-smtp.gmail.com at your service, [42.113.61.147]
250-SIZE 35882577
250-8BITMIME
250-AUTH LOGIN PLAIN XOAUTH2 PLAIN-CLIENTTOKEN OAUTHBEARER XOAUTH
250-ENHANCEDSTATUSCODES
250-PIPELINING
250-CHUNKING
250 SMTPUTF8
[16:13:49] CLIENT -> SERVER: AUTH LOGIN
[16:13:49] SERVER -> CLIENT: 334 VXNlcm5hbWU6
[16:13:49] CLIENT -> SERVER: [credentials hidden]
[16:13:49] SERVER -> CLIENT: 334 UGFzc3dvcmQ6
[16:13:49] CLIENT -> SERVER: [credentials hidden]
[16:13:49] SERVER -> CLIENT: 235 2.7.0 Accepted
[16:13:49] CLIENT -> SERVER: MAIL FROM:<pvhoang08082004@gmail.com>
[16:13:50] SERVER -> CLIENT: 250 2.1.0 OK d9443c01a7336-2c2d9bb2199sm22790115ad.77 - gsmtp
[16:13:50] CLIENT -> SERVER: RCPT TO:<hoang080820041aa@gmail.com>
[16:13:50] SERVER -> CLIENT: 250 2.1.5 OK d9443c01a7336-2c2d9bb2199sm22790115ad.77 - gsmtp
[16:13:50] CLIENT -> SERVER: DATA
[16:13:50] SERVER -> CLIENT: 354 Go ahead d9443c01a7336-2c2d9bb2199sm22790115ad.77 - gsmtp
[16:13:50] CLIENT -> SERVER: Date: Thu, 11 Jun 2026 16:13:47 +0700
[16:13:50] CLIENT -> SERVER: To: hoang080820041aa@gmail.com
[16:13:50] CLIENT -> SERVER: From: Elite Fitness Gym <pvhoang08082004@gmail.com>
[16:13:50] CLIENT -> SERVER: Subject: =?UTF-8?Q?[Elite_Gym]_Nh=E1=BA=AFc_nh=E1=BB=9F:_Ch=C6=B0a_=C4=91=C4=83ng_k=C3=BD_ca_t=E1=BA=ADp?=
[16:13:50] CLIENT -> SERVER: Message-ID: <M6NEFXGL7l7JO54hApn92GlOuzcQagbDM9xDByR23s@DESKTOP-8FL2APL>
[16:13:50] CLIENT -> SERVER: X-Mailer: PHPMailer 7.0.2 (https://github.com/PHPMailer/PHPMailer)
[16:13:50] CLIENT -> SERVER: MIME-Version: 1.0
[16:13:50] CLIENT -> SERVER: Content-Type: multipart/alternative;
[16:13:50] CLIENT -> SERVER:  boundary="b1=_M6NEFXGL7l7JO54hApn92GlOuzcQagbDM9xDByR23s"
[16:13:50] CLIENT -> SERVER: Content-Transfer-Encoding: 8bit
[16:13:50] CLIENT -> SERVER:
[16:13:50] CLIENT -> SERVER: --b1=_M6NEFXGL7l7JO54hApn92GlOuzcQagbDM9xDByR23s
[16:13:50] CLIENT -> SERVER: Content-Type: text/plain; charset=UTF-8
[16:13:50] CLIENT -> SERVER: Content-Transfer-Encoding: 8bit
[16:13:50] CLIENT -> SERVER:
[16:13:50] CLIENT -> SERVER: Hôm nay (11/06/2026) bạn chưa đăng ký ca tập nào. Hãy liên hệ lễ tân hoặc đặt lịch ngay!
[16:13:50] CLIENT -> SERVER:
[16:13:50] CLIENT -> SERVER: --b1=_M6NEFXGL7l7JO54hApn92GlOuzcQagbDM9xDByR23s
[16:13:50] CLIENT -> SERVER: Content-Type: text/html; charset=UTF-8
[16:13:50] CLIENT -> SERVER: Content-Transfer-Encoding: 8bit
[16:13:50] CLIENT -> SERVER:
[16:13:50] CLIENT -> SERVER:
[16:13:50] CLIENT -> SERVER:         <html>
[16:13:50] CLIENT -> SERVER:         <body style='font-family:Arial,sans-serif;background:#0a0a0a;color:#fff;padding:30px;margin:0;'>
[16:13:50] CLIENT -> SERVER:           <div style='max-width:520px;margin:auto;background:#111111;border-radius:4px;overflow:hidden;border:1px solid rgba(204,0,0,.25);'>
[16:13:50] CLIENT -> SERVER:
[16:13:50] CLIENT -> SERVER:             <!-- Header -->
[16:13:50] CLIENT -> SERVER:             <div style='background:#cc0000;padding:18px 32px;display:flex;align-items:center;gap:12px;'>
[16:13:50] CLIENT -> SERVER:               <span style='font-family:Arial,sans-serif;font-size:1.5rem;font-weight:900;color:#fff;letter-spacing:2px;text-transform:uppercase;'>ELITE GYM</span>
[16:13:50] CLIENT -> SERVER:               <span style='color:rgba(255,255,255,.6);font-size:.8rem;margin-left:auto;text-transform:uppercase;letter-spacing:1px;'>Thông báo</span>
[16:13:50] CLIENT -> SERVER:             </div>
[16:13:50] CLIENT -> SERVER:
[16:13:50] CLIENT -> SERVER:             <!-- Body -->
[16:13:50] CLIENT -> SERVER:             <div style='padding:28px 32px;'>
[16:13:50] CLIENT -> SERVER:               <p style='color:rgba(255,255,255,.6);margin:0 0 6px;font-size:.85rem;'>Xin chào,</p>
[16:13:50] CLIENT -> SERVER:               <p style='color:#fff;font-size:1rem;font-weight:700;margin:0 0 20px;'>Nguyễn Thị Thu Cúc</p>
[16:13:50] CLIENT -> SERVER:
[16:13:50] CLIENT -> SERVER:               <!-- Notification card -->
[16:13:50] CLIENT -> SERVER:               <div style='background:rgba(255,255,255,.04);border-left:3px solid #f59e0b;border-radius:2px;padding:16px 20px;margin-bottom:20px;'>
[16:13:50] CLIENT -> SERVER:                 <div style='font-size:.85rem;color:#f59e0b;font-weight:700;margin-bottom:8px;'>
[16:13:50] CLIENT -> SERVER:                   📅 Chưa đăng ký ca tập hôm nay
[16:13:50] CLIENT -> SERVER:                 </div>
[16:13:50] CLIENT -> SERVER:                 <div style='color:rgba(255,255,255,.75);font-size:.9rem;line-height:1.6;'>
[16:13:50] CLIENT -> SERVER:                   Hôm nay (11/06/2026) bạn chưa đăng ký ca tập nào. Hãy liên hệ lễ tân hoặc đặt lịch ngay!
[16:13:50] CLIENT -> SERVER:                 </div>
[16:13:50] CLIENT -> SERVER:               </div>
[16:13:50] CLIENT -> SERVER:
[16:13:50] CLIENT -> SERVER:               <div style='text-align:center;margin:24px 0 8px;'>
[16:13:50] CLIENT -> SERVER:                 <a href='http://localhost/PHP/ELite_GYM/public/'
[16:13:50] CLIENT -> SERVER:                    style='background:#cc0000;color:#fff;text-decoration:none;padding:12px 32px;border-radius:3px;font-weight:700;font-size:.9rem;letter-spacing:1px;display:inline-block;'>
[16:13:50] CLIENT -> SERVER:                   Vào trang Elite Gym
[16:13:50] CLIENT -> SERVER:                 </a>
[16:13:50] CLIENT -> SERVER:               </div>
[16:13:50] CLIENT -> SERVER:             </div>
[16:13:50] CLIENT -> SERVER:
[16:13:50] CLIENT -> SERVER:             <!-- Footer -->
[16:13:50] CLIENT -> SERVER:             <div style='padding:16px 32px;border-top:1px solid rgba(255,255,255,.08);'>
[16:13:50] CLIENT -> SERVER:               <p style='color:rgba(255,255,255,.3);font-size:.75rem;margin:0;text-align:center;'>
[16:13:50] CLIENT -> SERVER:                 © 2026 Elite Fitness Gym. Nếu bạn không muốn nhận email này, liên hệ lễ tân.
[16:13:50] CLIENT -> SERVER:               </p>
[16:13:50] CLIENT -> SERVER:             </div>
[16:13:50] CLIENT -> SERVER:           </div>
[16:13:50] CLIENT -> SERVER:         </body></html>
[16:13:50] CLIENT -> SERVER:
[16:13:50] CLIENT -> SERVER:
[16:13:50] CLIENT -> SERVER: --b1=_M6NEFXGL7l7JO54hApn92GlOuzcQagbDM9xDByR23s--
[16:13:50] CLIENT -> SERVER:
[16:13:50] CLIENT -> SERVER: .
[16:13:51] SERVER -> CLIENT: 250 2.0.0 OK  1781169231 d9443c01a7336-2c2d9bb2199sm22790115ad.77 - gsmtp
[16:13:51] CLIENT -> SERVER: QUIT
[16:13:51] SERVER -> CLIENT: 221 2.0.0 closing connection d9443c01a7336-2c2d9bb2199sm22790115ad.77 - gsmtp
[16:13:51] SERVER -> CLIENT: 220 smtp.gmail.com ESMTP 41be03b00d2f7-c86585b7066sm1209186a12.13 - gsmtp
[16:13:51] CLIENT -> SERVER: EHLO DESKTOP-8FL2APL
[16:13:51] SERVER -> CLIENT: 250-smtp.gmail.com at your service, [42.113.61.147]
250-SIZE 35882577
250-8BITMIME
250-STARTTLS
250-ENHANCEDSTATUSCODES
250-PIPELINING
250-CHUNKING
250 SMTPUTF8
[16:13:51] CLIENT -> SERVER: STARTTLS
[16:13:51] SERVER -> CLIENT: 220 2.0.0 Ready to start TLS
[16:13:52] CLIENT -> SERVER: EHLO DESKTOP-8FL2APL
[16:13:52] SERVER -> CLIENT: 250-smtp.gmail.com at your service, [42.113.61.147]
250-SIZE 35882577
250-8BITMIME
250-AUTH LOGIN PLAIN XOAUTH2 PLAIN-CLIENTTOKEN OAUTHBEARER XOAUTH
250-ENHANCEDSTATUSCODES
250-PIPELINING
250-CHUNKING
250 SMTPUTF8
[16:13:52] CLIENT -> SERVER: AUTH LOGIN
[16:13:52] SERVER -> CLIENT: 334 VXNlcm5hbWU6
[16:13:52] CLIENT -> SERVER: [credentials hidden]
[16:13:52] SERVER -> CLIENT: 334 UGFzc3dvcmQ6
[16:13:52] CLIENT -> SERVER: [credentials hidden]
[16:13:52] SERVER -> CLIENT: 235 2.7.0 Accepted
[16:13:52] CLIENT -> SERVER: MAIL FROM:<pvhoang08082004@gmail.com>
[16:13:53] SERVER -> CLIENT: 250 2.1.0 OK 41be03b00d2f7-c86585b7066sm1209186a12.13 - gsmtp
[16:13:53] CLIENT -> SERVER: RCPT TO:<20221672@eaut.edu.vn>
[16:13:53] SERVER -> CLIENT: 250 2.1.5 OK 41be03b00d2f7-c86585b7066sm1209186a12.13 - gsmtp
[16:13:53] CLIENT -> SERVER: DATA
[16:13:53] SERVER -> CLIENT: 354 Go ahead 41be03b00d2f7-c86585b7066sm1209186a12.13 - gsmtp
[16:13:53] CLIENT -> SERVER: Date: Thu, 11 Jun 2026 16:13:51 +0700
[16:13:53] CLIENT -> SERVER: To: 20221672@eaut.edu.vn
[16:13:53] CLIENT -> SERVER: From: Elite Fitness Gym <pvhoang08082004@gmail.com>
[16:13:53] CLIENT -> SERVER: Subject: =?UTF-8?Q?[Elite_Gym]_Nh=E1=BA=AFc_nh=E1=BB=9F:_Ch=C6=B0a_=C4=91=C4=83ng_k=C3=BD_ca_t=E1=BA=ADp?=
[16:13:53] CLIENT -> SERVER: Message-ID: <YzQoLem6VnyjCVItvICH46H9pUWstpiMFSmogS8QA@DESKTOP-8FL2APL>
[16:13:53] CLIENT -> SERVER: X-Mailer: PHPMailer 7.0.2 (https://github.com/PHPMailer/PHPMailer)
[16:13:53] CLIENT -> SERVER: MIME-Version: 1.0
[16:13:53] CLIENT -> SERVER: Content-Type: multipart/alternative;
[16:13:53] CLIENT -> SERVER:  boundary="b1=_YzQoLem6VnyjCVItvICH46H9pUWstpiMFSmogS8QA"
[16:13:53] CLIENT -> SERVER: Content-Transfer-Encoding: 8bit
[16:13:53] CLIENT -> SERVER:
[16:13:53] CLIENT -> SERVER: --b1=_YzQoLem6VnyjCVItvICH46H9pUWstpiMFSmogS8QA
[16:13:53] CLIENT -> SERVER: Content-Type: text/plain; charset=UTF-8
[16:13:53] CLIENT -> SERVER: Content-Transfer-Encoding: 8bit
[16:13:53] CLIENT -> SERVER:
[16:13:53] CLIENT -> SERVER: Hôm nay (11/06/2026) bạn chưa đăng ký ca tập nào. Hãy liên hệ lễ tân hoặc đặt lịch ngay!
[16:13:53] CLIENT -> SERVER:
[16:13:53] CLIENT -> SERVER: --b1=_YzQoLem6VnyjCVItvICH46H9pUWstpiMFSmogS8QA
[16:13:53] CLIENT -> SERVER: Content-Type: text/html; charset=UTF-8
[16:13:53] CLIENT -> SERVER: Content-Transfer-Encoding: 8bit
[16:13:53] CLIENT -> SERVER:
[16:13:53] CLIENT -> SERVER:
[16:13:53] CLIENT -> SERVER:         <html>
[16:13:53] CLIENT -> SERVER:         <body style='font-family:Arial,sans-serif;background:#0a0a0a;color:#fff;padding:30px;margin:0;'>
[16:13:53] CLIENT -> SERVER:           <div style='max-width:520px;margin:auto;background:#111111;border-radius:4px;overflow:hidden;border:1px solid rgba(204,0,0,.25);'>
[16:13:53] CLIENT -> SERVER:
[16:13:53] CLIENT -> SERVER:             <!-- Header -->
[16:13:53] CLIENT -> SERVER:             <div style='background:#cc0000;padding:18px 32px;display:flex;align-items:center;gap:12px;'>
[16:13:53] CLIENT -> SERVER:               <span style='font-family:Arial,sans-serif;font-size:1.5rem;font-weight:900;color:#fff;letter-spacing:2px;text-transform:uppercase;'>ELITE GYM</span>
[16:13:53] CLIENT -> SERVER:               <span style='color:rgba(255,255,255,.6);font-size:.8rem;margin-left:auto;text-transform:uppercase;letter-spacing:1px;'>Thông báo</span>
[16:13:53] CLIENT -> SERVER:             </div>
[16:13:53] CLIENT -> SERVER:
[16:13:53] CLIENT -> SERVER:             <!-- Body -->
[16:13:53] CLIENT -> SERVER:             <div style='padding:28px 32px;'>
[16:13:53] CLIENT -> SERVER:               <p style='color:rgba(255,255,255,.6);margin:0 0 6px;font-size:.85rem;'>Xin chào,</p>
[16:13:53] CLIENT -> SERVER:               <p style='color:#fff;font-size:1rem;font-weight:700;margin:0 0 20px;'>Hoàng Phạm Văn</p>
[16:13:53] CLIENT -> SERVER:
[16:13:53] CLIENT -> SERVER:               <!-- Notification card -->
[16:13:53] CLIENT -> SERVER:               <div style='background:rgba(255,255,255,.04);border-left:3px solid #f59e0b;border-radius:2px;padding:16px 20px;margin-bottom:20px;'>
[16:13:53] CLIENT -> SERVER:                 <div style='font-size:.85rem;color:#f59e0b;font-weight:700;margin-bottom:8px;'>
[16:13:53] CLIENT -> SERVER:                   📅 Chưa đăng ký ca tập hôm nay
[16:13:53] CLIENT -> SERVER:                 </div>
[16:13:53] CLIENT -> SERVER:                 <div style='color:rgba(255,255,255,.75);font-size:.9rem;line-height:1.6;'>
[16:13:53] CLIENT -> SERVER:                   Hôm nay (11/06/2026) bạn chưa đăng ký ca tập nào. Hãy liên hệ lễ tân hoặc đặt lịch ngay!
[16:13:53] CLIENT -> SERVER:                 </div>
[16:13:53] CLIENT -> SERVER:               </div>
[16:13:53] CLIENT -> SERVER:
[16:13:53] CLIENT -> SERVER:               <div style='text-align:center;margin:24px 0 8px;'>
[16:13:53] CLIENT -> SERVER:                 <a href='http://localhost/PHP/ELite_GYM/public/'
[16:13:53] CLIENT -> SERVER:                    style='background:#cc0000;color:#fff;text-decoration:none;padding:12px 32px;border-radius:3px;font-weight:700;font-size:.9rem;letter-spacing:1px;display:inline-block;'>
[16:13:53] CLIENT -> SERVER:                   Vào trang Elite Gym
[16:13:53] CLIENT -> SERVER:                 </a>
[16:13:53] CLIENT -> SERVER:               </div>
[16:13:53] CLIENT -> SERVER:             </div>
[16:13:53] CLIENT -> SERVER:
[16:13:53] CLIENT -> SERVER:             <!-- Footer -->
[16:13:53] CLIENT -> SERVER:             <div style='padding:16px 32px;border-top:1px solid rgba(255,255,255,.08);'>
[16:13:53] CLIENT -> SERVER:               <p style='color:rgba(255,255,255,.3);font-size:.75rem;margin:0;text-align:center;'>
[16:13:53] CLIENT -> SERVER:                 © 2026 Elite Fitness Gym. Nếu bạn không muốn nhận email này, liên hệ lễ tân.
[16:13:53] CLIENT -> SERVER:               </p>
[16:13:53] CLIENT -> SERVER:             </div>
[16:13:53] CLIENT -> SERVER:           </div>
[16:13:53] CLIENT -> SERVER:         </body></html>
[16:13:53] CLIENT -> SERVER:
[16:13:53] CLIENT -> SERVER:
[16:13:53] CLIENT -> SERVER: --b1=_YzQoLem6VnyjCVItvICH46H9pUWstpiMFSmogS8QA--
[16:13:53] CLIENT -> SERVER:
[16:13:53] CLIENT -> SERVER: .
[16:13:54] SERVER -> CLIENT: 250 2.0.0 OK  1781169234 41be03b00d2f7-c86585b7066sm1209186a12.13 - gsmtp
[16:13:54] CLIENT -> SERVER: QUIT
[16:13:54] SERVER -> CLIENT: 221 2.0.0 closing connection 41be03b00d2f7-c86585b7066sm1209186a12.13 - gsmtp
[16:13:54] SERVER -> CLIENT: 220 smtp.gmail.com ESMTP d9443c01a7336-2c164f875casm273976115ad.22 - gsmtp
[16:13:54] CLIENT -> SERVER: EHLO DESKTOP-8FL2APL
[16:13:54] SERVER -> CLIENT: 250-smtp.gmail.com at your service, [42.113.61.147]
250-SIZE 35882577
250-8BITMIME
250-STARTTLS
250-ENHANCEDSTATUSCODES
250-PIPELINING
250-CHUNKING
250 SMTPUTF8
[16:13:54] CLIENT -> SERVER: STARTTLS
[16:13:55] SERVER -> CLIENT: 220 2.0.0 Ready to start TLS
[16:13:55] CLIENT -> SERVER: EHLO DESKTOP-8FL2APL
[16:13:55] SERVER -> CLIENT: 250-smtp.gmail.com at your service, [42.113.61.147]
250-SIZE 35882577
250-8BITMIME
250-AUTH LOGIN PLAIN XOAUTH2 PLAIN-CLIENTTOKEN OAUTHBEARER XOAUTH
250-ENHANCEDSTATUSCODES
250-PIPELINING
250-CHUNKING
250 SMTPUTF8
[16:13:55] CLIENT -> SERVER: AUTH LOGIN
[16:13:55] SERVER -> CLIENT: 334 VXNlcm5hbWU6
[16:13:55] CLIENT -> SERVER: [credentials hidden]
[16:13:55] SERVER -> CLIENT: 334 UGFzc3dvcmQ6
[16:13:55] CLIENT -> SERVER: [credentials hidden]
[16:13:56] SERVER -> CLIENT: 235 2.7.0 Accepted
[16:13:56] CLIENT -> SERVER: MAIL FROM:<pvhoang08082004@gmail.com>
[16:13:56] SERVER -> CLIENT: 250 2.1.0 OK d9443c01a7336-2c164f875casm273976115ad.22 - gsmtp
[16:13:56] CLIENT -> SERVER: RCPT TO:<pvhoang08082004@gmail.com>
[16:13:56] SERVER -> CLIENT: 250 2.1.5 OK d9443c01a7336-2c164f875casm273976115ad.22 - gsmtp
[16:13:56] CLIENT -> SERVER: DATA
[16:13:56] SERVER -> CLIENT: 354 Go ahead d9443c01a7336-2c164f875casm273976115ad.22 - gsmtp
[16:13:56] CLIENT -> SERVER: Date: Thu, 11 Jun 2026 16:13:54 +0700
[16:13:56] CLIENT -> SERVER: To: pvhoang08082004@gmail.com
[16:13:56] CLIENT -> SERVER: From: Elite Fitness Gym <pvhoang08082004@gmail.com>
[16:13:56] CLIENT -> SERVER: Subject: =?UTF-8?Q?[Elite_Gym]_Nh=E1=BA=AFc_nh=E1=BB=9F:_Ch=C6=B0a_=C4=91=C4=83ng_k=C3=BD_ca_t=E1=BA=ADp?=
[16:13:56] CLIENT -> SERVER: Message-ID: <MMz3f7KLvmT9CPvbhYSootg9HQnbjD0BSGrIY7yNRQ@DESKTOP-8FL2APL>
[16:13:56] CLIENT -> SERVER: X-Mailer: PHPMailer 7.0.2 (https://github.com/PHPMailer/PHPMailer)
[16:13:56] CLIENT -> SERVER: MIME-Version: 1.0
[16:13:56] CLIENT -> SERVER: Content-Type: multipart/alternative;
[16:13:56] CLIENT -> SERVER:  boundary="b1=_MMz3f7KLvmT9CPvbhYSootg9HQnbjD0BSGrIY7yNRQ"
[16:13:56] CLIENT -> SERVER: Content-Transfer-Encoding: 8bit
[16:13:56] CLIENT -> SERVER:
[16:13:56] CLIENT -> SERVER: --b1=_MMz3f7KLvmT9CPvbhYSootg9HQnbjD0BSGrIY7yNRQ
[16:13:56] CLIENT -> SERVER: Content-Type: text/plain; charset=UTF-8
[16:13:56] CLIENT -> SERVER: Content-Transfer-Encoding: 8bit
[16:13:56] CLIENT -> SERVER:
[16:13:56] CLIENT -> SERVER: Hôm nay (11/06/2026) bạn chưa đăng ký ca tập nào. Hãy liên hệ lễ tân hoặc đặt lịch ngay!
[16:13:56] CLIENT -> SERVER:
[16:13:56] CLIENT -> SERVER: --b1=_MMz3f7KLvmT9CPvbhYSootg9HQnbjD0BSGrIY7yNRQ
[16:13:56] CLIENT -> SERVER: Content-Type: text/html; charset=UTF-8
[16:13:56] CLIENT -> SERVER: Content-Transfer-Encoding: 8bit
[16:13:56] CLIENT -> SERVER:
[16:13:56] CLIENT -> SERVER:
[16:13:56] CLIENT -> SERVER:         <html>
[16:13:56] CLIENT -> SERVER:         <body style='font-family:Arial,sans-serif;background:#0a0a0a;color:#fff;padding:30px;margin:0;'>
[16:13:56] CLIENT -> SERVER:           <div style='max-width:520px;margin:auto;background:#111111;border-radius:4px;overflow:hidden;border:1px solid rgba(204,0,0,.25);'>
[16:13:56] CLIENT -> SERVER:
[16:13:56] CLIENT -> SERVER:             <!-- Header -->
[16:13:56] CLIENT -> SERVER:             <div style='background:#cc0000;padding:18px 32px;display:flex;align-items:center;gap:12px;'>
[16:13:56] CLIENT -> SERVER:               <span style='font-family:Arial,sans-serif;font-size:1.5rem;font-weight:900;color:#fff;letter-spacing:2px;text-transform:uppercase;'>ELITE GYM</span>
[16:13:56] CLIENT -> SERVER:               <span style='color:rgba(255,255,255,.6);font-size:.8rem;margin-left:auto;text-transform:uppercase;letter-spacing:1px;'>Thông báo</span>
[16:13:56] CLIENT -> SERVER:             </div>
[16:13:56] CLIENT -> SERVER:
[16:13:56] CLIENT -> SERVER:             <!-- Body -->
[16:13:56] CLIENT -> SERVER:             <div style='padding:28px 32px;'>
[16:13:56] CLIENT -> SERVER:               <p style='color:rgba(255,255,255,.6);margin:0 0 6px;font-size:.85rem;'>Xin chào,</p>
[16:13:56] CLIENT -> SERVER:               <p style='color:#fff;font-size:1rem;font-weight:700;margin:0 0 20px;'>Phạm Văn Hoàng</p>
[16:13:56] CLIENT -> SERVER:
[16:13:56] CLIENT -> SERVER:               <!-- Notification card -->
[16:13:56] CLIENT -> SERVER:               <div style='background:rgba(255,255,255,.04);border-left:3px solid #f59e0b;border-radius:2px;padding:16px 20px;margin-bottom:20px;'>
[16:13:56] CLIENT -> SERVER:                 <div style='font-size:.85rem;color:#f59e0b;font-weight:700;margin-bottom:8px;'>
[16:13:56] CLIENT -> SERVER:                   📅 Chưa đăng ký ca tập hôm nay
[16:13:56] CLIENT -> SERVER:                 </div>
[16:13:56] CLIENT -> SERVER:                 <div style='color:rgba(255,255,255,.75);font-size:.9rem;line-height:1.6;'>
[16:13:56] CLIENT -> SERVER:                   Hôm nay (11/06/2026) bạn chưa đăng ký ca tập nào. Hãy liên hệ lễ tân hoặc đặt lịch ngay!
[16:13:56] CLIENT -> SERVER:                 </div>
[16:13:56] CLIENT -> SERVER:               </div>
[16:13:56] CLIENT -> SERVER:
[16:13:56] CLIENT -> SERVER:               <div style='text-align:center;margin:24px 0 8px;'>
[16:13:56] CLIENT -> SERVER:                 <a href='http://localhost/PHP/ELite_GYM/public/'
[16:13:56] CLIENT -> SERVER:                    style='background:#cc0000;color:#fff;text-decoration:none;padding:12px 32px;border-radius:3px;font-weight:700;font-size:.9rem;letter-spacing:1px;display:inline-block;'>
[16:13:56] CLIENT -> SERVER:                   Vào trang Elite Gym
[16:13:56] CLIENT -> SERVER:                 </a>
[16:13:56] CLIENT -> SERVER:               </div>
[16:13:56] CLIENT -> SERVER:             </div>
[16:13:56] CLIENT -> SERVER:
[16:13:56] CLIENT -> SERVER:             <!-- Footer -->
[16:13:56] CLIENT -> SERVER:             <div style='padding:16px 32px;border-top:1px solid rgba(255,255,255,.08);'>
[16:13:56] CLIENT -> SERVER:               <p style='color:rgba(255,255,255,.3);font-size:.75rem;margin:0;text-align:center;'>
[16:13:56] CLIENT -> SERVER:                 © 2026 Elite Fitness Gym. Nếu bạn không muốn nhận email này, liên hệ lễ tân.
[16:13:56] CLIENT -> SERVER:               </p>
[16:13:56] CLIENT -> SERVER:             </div>
[16:13:56] CLIENT -> SERVER:           </div>
[16:13:56] CLIENT -> SERVER:         </body></html>
[16:13:56] CLIENT -> SERVER:
[16:13:56] CLIENT -> SERVER:
[16:13:56] CLIENT -> SERVER: --b1=_MMz3f7KLvmT9CPvbhYSootg9HQnbjD0BSGrIY7yNRQ--
[16:13:56] CLIENT -> SERVER:
[16:13:56] CLIENT -> SERVER: .
[16:13:57] SERVER -> CLIENT: 250 2.0.0 OK  1781169237 d9443c01a7336-2c164f875casm273976115ad.22 - gsmtp
[16:13:57] CLIENT -> SERVER: QUIT
[16:13:57] SERVER -> CLIENT: 221 2.0.0 closing connection d9443c01a7336-2c164f875casm273976115ad.22 - gsmtp
[16:13:57] SERVER -> CLIENT: 220 smtp.gmail.com ESMTP d9443c01a7336-2c1663981basm271138545ad.67 - gsmtp
[16:13:57] CLIENT -> SERVER: EHLO DESKTOP-8FL2APL
[16:13:57] SERVER -> CLIENT: 250-smtp.gmail.com at your service, [42.113.61.147]
250-SIZE 35882577
250-8BITMIME
250-STARTTLS
250-ENHANCEDSTATUSCODES
250-PIPELINING
250-CHUNKING
250 SMTPUTF8
[16:13:57] CLIENT -> SERVER: STARTTLS
[16:13:58] SERVER -> CLIENT: 220 2.0.0 Ready to start TLS
[16:13:58] CLIENT -> SERVER: EHLO DESKTOP-8FL2APL
[16:13:58] SERVER -> CLIENT: 250-smtp.gmail.com at your service, [42.113.61.147]
250-SIZE 35882577
250-8BITMIME
250-AUTH LOGIN PLAIN XOAUTH2 PLAIN-CLIENTTOKEN OAUTHBEARER XOAUTH
250-ENHANCEDSTATUSCODES
250-PIPELINING
250-CHUNKING
250 SMTPUTF8
[16:13:58] CLIENT -> SERVER: AUTH LOGIN
[16:13:58] SERVER -> CLIENT: 334 VXNlcm5hbWU6
[16:13:58] CLIENT -> SERVER: [credentials hidden]
[16:13:58] SERVER -> CLIENT: 334 UGFzc3dvcmQ6
[16:13:58] CLIENT -> SERVER: [credentials hidden]
[16:13:59] SERVER -> CLIENT: 235 2.7.0 Accepted
[16:13:59] CLIENT -> SERVER: MAIL FROM:<pvhoang08082004@gmail.com>
[16:13:59] SERVER -> CLIENT: 250 2.1.0 OK d9443c01a7336-2c1663981basm271138545ad.67 - gsmtp
[16:13:59] CLIENT -> SERVER: RCPT TO:<hoang080820041aa@gmail.com>
[16:13:59] SERVER -> CLIENT: 250 2.1.5 OK d9443c01a7336-2c1663981basm271138545ad.67 - gsmtp
[16:13:59] CLIENT -> SERVER: DATA
[16:13:59] SERVER -> CLIENT: 354 Go ahead d9443c01a7336-2c1663981basm271138545ad.67 - gsmtp
[16:13:59] CLIENT -> SERVER: Date: Thu, 11 Jun 2026 16:13:57 +0700
[16:13:59] CLIENT -> SERVER: To: hoang080820041aa@gmail.com
[16:13:59] CLIENT -> SERVER: From: Elite Fitness Gym <pvhoang08082004@gmail.com>
[16:13:59] CLIENT -> SERVER: Subject: =?UTF-8?Q?[Elite_Gym]_Th=C3=B4ng_b=C3=A1o_m=E1=BB=9Bi?=
[16:13:59] CLIENT -> SERVER: Message-ID: <S2otHkJjGnIszQWmiiWE3gM37GcY0NkWGJoJiNfHa4@DESKTOP-8FL2APL>
[16:13:59] CLIENT -> SERVER: X-Mailer: PHPMailer 7.0.2 (https://github.com/PHPMailer/PHPMailer)
[16:13:59] CLIENT -> SERVER: MIME-Version: 1.0
[16:13:59] CLIENT -> SERVER: Content-Type: multipart/alternative;
[16:13:59] CLIENT -> SERVER:  boundary="b1=_S2otHkJjGnIszQWmiiWE3gM37GcY0NkWGJoJiNfHa4"
[16:13:59] CLIENT -> SERVER: Content-Transfer-Encoding: 8bit
[16:13:59] CLIENT -> SERVER:
[16:13:59] CLIENT -> SERVER: --b1=_S2otHkJjGnIszQWmiiWE3gM37GcY0NkWGJoJiNfHa4
[16:13:59] CLIENT -> SERVER: Content-Type: text/plain; charset=UTF-8
[16:13:59] CLIENT -> SERVER: Content-Transfer-Encoding: 8bit
[16:13:59] CLIENT -> SERVER:
[16:13:59] CLIENT -> SERVER: Gói tập của bạn còn 3 ngày (hết hạn: 14/06/2026). Gia hạn sớm để không gián đoạn!
[16:13:59] CLIENT -> SERVER:
[16:13:59] CLIENT -> SERVER: Gia hạn tại: http://localhostC:/wamp64/www/PHP/ELite_GYM/scripts/payment
[16:13:59] CLIENT -> SERVER:
[16:13:59] CLIENT -> SERVER: --b1=_S2otHkJjGnIszQWmiiWE3gM37GcY0NkWGJoJiNfHa4
[16:13:59] CLIENT -> SERVER: Content-Type: text/html; charset=UTF-8
[16:13:59] CLIENT -> SERVER: Content-Transfer-Encoding: 8bit
[16:13:59] CLIENT -> SERVER:
[16:13:59] CLIENT -> SERVER:
[16:13:59] CLIENT -> SERVER:         <html>
[16:13:59] CLIENT -> SERVER:         <body style='font-family:Arial,sans-serif;background:#0a0a0a;color:#fff;padding:30px;margin:0;'>
[16:13:59] CLIENT -> SERVER:           <div style='max-width:520px;margin:auto;background:#111111;border-radius:4px;overflow:hidden;border:1px solid rgba(204,0,0,.25);'>
[16:13:59] CLIENT -> SERVER:
[16:13:59] CLIENT -> SERVER:             <!-- Header -->
[16:13:59] CLIENT -> SERVER:             <div style='background:#cc0000;padding:18px 32px;display:flex;align-items:center;gap:12px;'>
[16:13:59] CLIENT -> SERVER:               <span style='font-family:Arial,sans-serif;font-size:1.5rem;font-weight:900;color:#fff;letter-spacing:2px;text-transform:uppercase;'>ELITE GYM</span>
[16:13:59] CLIENT -> SERVER:               <span style='color:rgba(255,255,255,.6);font-size:.8rem;margin-left:auto;text-transform:uppercase;letter-spacing:1px;'>Thông báo</span>
[16:13:59] CLIENT -> SERVER:             </div>
[16:13:59] CLIENT -> SERVER:
[16:13:59] CLIENT -> SERVER:             <!-- Body -->
[16:13:59] CLIENT -> SERVER:             <div style='padding:28px 32px;'>
[16:13:59] CLIENT -> SERVER:               <p style='color:rgba(255,255,255,.6);margin:0 0 6px;font-size:.85rem;'>Xin chào,</p>
[16:13:59] CLIENT -> SERVER:               <p style='color:#fff;font-size:1rem;font-weight:700;margin:0 0 20px;'>Nguyễn Thị Thu Cúc</p>
[16:13:59] CLIENT -> SERVER:
[16:13:59] CLIENT -> SERVER:               <!-- Notification card -->
[16:13:59] CLIENT -> SERVER:               <div style='background:rgba(255,255,255,.04);border-left:3px solid #cc0000;border-radius:2px;padding:16px 20px;margin-bottom:20px;'>
[16:13:59] CLIENT -> SERVER:                 <div style='font-size:.85rem;color:#cc0000;font-weight:700;margin-bottom:8px;'>
[16:13:59] CLIENT -> SERVER:                   🔔 Gói tập sắp hết hạn (3 ngày)
[16:13:59] CLIENT -> SERVER:                 </div>
[16:13:59] CLIENT -> SERVER:                 <div style='color:rgba(255,255,255,.75);font-size:.9rem;line-height:1.6;'>
[16:13:59] CLIENT -> SERVER:                   Gói tập của bạn còn 3 ngày (hết hạn: 14/06/2026). Gia hạn sớm để không gián đoạn!<br />
[16:13:59] CLIENT -> SERVER: <br />
[16:13:59] CLIENT -> SERVER: Gia hạn tại: http://localhostC:/wamp64/www/PHP/ELite_GYM/scripts/payment
[16:13:59] CLIENT -> SERVER:                 </div>
[16:13:59] CLIENT -> SERVER:               </div>
[16:13:59] CLIENT -> SERVER:
[16:13:59] CLIENT -> SERVER:               <div style='text-align:center;margin:24px 0 8px;'>
[16:13:59] CLIENT -> SERVER:                 <a href='http://localhost/PHP/ELite_GYM/public/'
[16:13:59] CLIENT -> SERVER:                    style='background:#cc0000;color:#fff;text-decoration:none;padding:12px 32px;border-radius:3px;font-weight:700;font-size:.9rem;letter-spacing:1px;display:inline-block;'>
[16:13:59] CLIENT -> SERVER:                   Vào trang Elite Gym
[16:13:59] CLIENT -> SERVER:                 </a>
[16:13:59] CLIENT -> SERVER:               </div>
[16:13:59] CLIENT -> SERVER:             </div>
[16:13:59] CLIENT -> SERVER:
[16:13:59] CLIENT -> SERVER:             <!-- Footer -->
[16:13:59] CLIENT -> SERVER:             <div style='padding:16px 32px;border-top:1px solid rgba(255,255,255,.08);'>
[16:13:59] CLIENT -> SERVER:               <p style='color:rgba(255,255,255,.3);font-size:.75rem;margin:0;text-align:center;'>
[16:13:59] CLIENT -> SERVER:                 © 2026 Elite Fitness Gym. Nếu bạn không muốn nhận email này, liên hệ lễ tân.
[16:13:59] CLIENT -> SERVER:               </p>
[16:13:59] CLIENT -> SERVER:             </div>
[16:13:59] CLIENT -> SERVER:           </div>
[16:13:59] CLIENT -> SERVER:         </body></html>
[16:13:59] CLIENT -> SERVER:
[16:13:59] CLIENT -> SERVER:
[16:13:59] CLIENT -> SERVER: --b1=_S2otHkJjGnIszQWmiiWE3gM37GcY0NkWGJoJiNfHa4--
[16:13:59] CLIENT -> SERVER:
[16:13:59] CLIENT -> SERVER: .
[16:14:00] SERVER -> CLIENT: 250 2.0.0 OK  1781169240 d9443c01a7336-2c1663981basm271138545ad.67 - gsmtp
[16:14:00] CLIENT -> SERVER: QUIT
[16:14:00] SERVER -> CLIENT: 221 2.0.0 closing connection d9443c01a7336-2c1663981basm271138545ad.67 - gsmtp
[08:43:41] SERVER -> CLIENT: 220 smtp.gmail.com ESMTP d9443c01a7336-2c42f8c3b77sm2250805ad.29 - gsmtp
[08:43:41] CLIENT -> SERVER: EHLO DESKTOP-8FL2APL
[08:43:41] SERVER -> CLIENT: 250-smtp.gmail.com at your service, [42.113.61.147]
250-SIZE 35882577
250-8BITMIME
250-STARTTLS
250-ENHANCEDSTATUSCODES
250-PIPELINING
250-CHUNKING
250 SMTPUTF8
[08:43:41] CLIENT -> SERVER: STARTTLS
[08:43:41] SERVER -> CLIENT: 220 2.0.0 Ready to start TLS
[08:43:41] CLIENT -> SERVER: EHLO DESKTOP-8FL2APL
[08:43:41] SERVER -> CLIENT: 250-smtp.gmail.com at your service, [42.113.61.147]
250-SIZE 35882577
250-8BITMIME
250-AUTH LOGIN PLAIN XOAUTH2 PLAIN-CLIENTTOKEN OAUTHBEARER XOAUTH
250-ENHANCEDSTATUSCODES
250-PIPELINING
250-CHUNKING
250 SMTPUTF8
[08:43:41] CLIENT -> SERVER: AUTH LOGIN
[08:43:41] SERVER -> CLIENT: 334 VXNlcm5hbWU6
[08:43:41] CLIENT -> SERVER: [credentials hidden]
[08:43:42] SERVER -> CLIENT: 334 UGFzc3dvcmQ6
[08:43:42] CLIENT -> SERVER: [credentials hidden]
[08:43:42] SERVER -> CLIENT: 235 2.7.0 Accepted
[08:43:42] CLIENT -> SERVER: MAIL FROM:<pvhoang08082004@gmail.com>
[08:43:42] SERVER -> CLIENT: 250 2.1.0 OK d9443c01a7336-2c42f8c3b77sm2250805ad.29 - gsmtp
[08:43:42] CLIENT -> SERVER: RCPT TO:<pvhoang08082004@gmail.com>
[08:43:42] SERVER -> CLIENT: 250 2.1.5 OK d9443c01a7336-2c42f8c3b77sm2250805ad.29 - gsmtp
[08:43:42] CLIENT -> SERVER: DATA
[08:43:43] SERVER -> CLIENT: 354 Go ahead d9443c01a7336-2c42f8c3b77sm2250805ad.29 - gsmtp
[08:43:43] CLIENT -> SERVER: Date: Fri, 12 Jun 2026 08:43:40 +0700
[08:43:43] CLIENT -> SERVER: To: pvhoang08082004@gmail.com
[08:43:43] CLIENT -> SERVER: From: Elite Fitness Gym <pvhoang08082004@gmail.com>
[08:43:43] CLIENT -> SERVER: Subject: =?UTF-8?Q?[Elite_Gym]_Nh=E1=BA=AFc_nh=E1=BB=9F:_Ch=C6=B0a_=C4=91=C4=83ng_k=C3=BD_ca_t=E1=BA=ADp?=
[08:43:43] CLIENT -> SERVER: Message-ID: <cerXe9dZ6LJbcuoMYxDIUlvE3m3U0o19ppybbohE@DESKTOP-8FL2APL>
[08:43:43] CLIENT -> SERVER: X-Mailer: PHPMailer 7.0.2 (https://github.com/PHPMailer/PHPMailer)
[08:43:43] CLIENT -> SERVER: MIME-Version: 1.0
[08:43:43] CLIENT -> SERVER: Content-Type: multipart/alternative;
[08:43:43] CLIENT -> SERVER:  boundary="b1=_cerXe9dZ6LJbcuoMYxDIUlvE3m3U0o19ppybbohE"
[08:43:43] CLIENT -> SERVER: Content-Transfer-Encoding: 8bit
[08:43:43] CLIENT -> SERVER:
[08:43:43] CLIENT -> SERVER: --b1=_cerXe9dZ6LJbcuoMYxDIUlvE3m3U0o19ppybbohE
[08:43:43] CLIENT -> SERVER: Content-Type: text/plain; charset=UTF-8
[08:43:43] CLIENT -> SERVER: Content-Transfer-Encoding: 8bit
[08:43:43] CLIENT -> SERVER:
[08:43:43] CLIENT -> SERVER: Hôm nay (12/06/2026) bạn chưa đăng ký ca tập nào. Hãy liên hệ lễ tân hoặc đặt lịch ngay!
[08:43:43] CLIENT -> SERVER:
[08:43:43] CLIENT -> SERVER: --b1=_cerXe9dZ6LJbcuoMYxDIUlvE3m3U0o19ppybbohE
[08:43:43] CLIENT -> SERVER: Content-Type: text/html; charset=UTF-8
[08:43:43] CLIENT -> SERVER: Content-Transfer-Encoding: 8bit
[08:43:43] CLIENT -> SERVER:
[08:43:43] CLIENT -> SERVER:
[08:43:43] CLIENT -> SERVER:         <html>
[08:43:43] CLIENT -> SERVER:         <body style='font-family:Arial,sans-serif;background:#0a0a0a;color:#fff;padding:30px;margin:0;'>
[08:43:43] CLIENT -> SERVER:           <div style='max-width:520px;margin:auto;background:#111111;border-radius:4px;overflow:hidden;border:1px solid rgba(204,0,0,.25);'>
[08:43:43] CLIENT -> SERVER:
[08:43:43] CLIENT -> SERVER:             <!-- Header -->
[08:43:43] CLIENT -> SERVER:             <div style='background:#cc0000;padding:18px 32px;display:flex;align-items:center;gap:12px;'>
[08:43:43] CLIENT -> SERVER:               <span style='font-family:Arial,sans-serif;font-size:1.5rem;font-weight:900;color:#fff;letter-spacing:2px;text-transform:uppercase;'>ELITE GYM</span>
[08:43:43] CLIENT -> SERVER:               <span style='color:rgba(255,255,255,.6);font-size:.8rem;margin-left:auto;text-transform:uppercase;letter-spacing:1px;'>Thông báo</span>
[08:43:43] CLIENT -> SERVER:             </div>
[08:43:43] CLIENT -> SERVER:
[08:43:43] CLIENT -> SERVER:             <!-- Body -->
[08:43:43] CLIENT -> SERVER:             <div style='padding:28px 32px;'>
[08:43:43] CLIENT -> SERVER:               <p style='color:rgba(255,255,255,.6);margin:0 0 6px;font-size:.85rem;'>Xin chào,</p>
[08:43:43] CLIENT -> SERVER:               <p style='color:#fff;font-size:1rem;font-weight:700;margin:0 0 20px;'>Hoàng Phạm Văn</p>
[08:43:43] CLIENT -> SERVER:
[08:43:43] CLIENT -> SERVER:               <!-- Notification card -->
[08:43:43] CLIENT -> SERVER:               <div style='background:rgba(255,255,255,.04);border-left:3px solid #f59e0b;border-radius:2px;padding:16px 20px;margin-bottom:20px;'>
[08:43:43] CLIENT -> SERVER:                 <div style='font-size:.85rem;color:#f59e0b;font-weight:700;margin-bottom:8px;'>
[08:43:43] CLIENT -> SERVER:                   📅 Chưa đăng ký ca tập hôm nay
[08:43:43] CLIENT -> SERVER:                 </div>
[08:43:43] CLIENT -> SERVER:                 <div style='color:rgba(255,255,255,.75);font-size:.9rem;line-height:1.6;'>
[08:43:43] CLIENT -> SERVER:                   Hôm nay (12/06/2026) bạn chưa đăng ký ca tập nào. Hãy liên hệ lễ tân hoặc đặt lịch ngay!
[08:43:43] CLIENT -> SERVER:                 </div>
[08:43:43] CLIENT -> SERVER:               </div>
[08:43:43] CLIENT -> SERVER:
[08:43:43] CLIENT -> SERVER:               <div style='text-align:center;margin:24px 0 8px;'>
[08:43:43] CLIENT -> SERVER:                 <a href='http://localhost/PHP/ELite_GYM/public/'
[08:43:43] CLIENT -> SERVER:                    style='background:#cc0000;color:#fff;text-decoration:none;padding:12px 32px;border-radius:3px;font-weight:700;font-size:.9rem;letter-spacing:1px;display:inline-block;'>
[08:43:43] CLIENT -> SERVER:                   Vào trang Elite Gym
[08:43:43] CLIENT -> SERVER:                 </a>
[08:43:43] CLIENT -> SERVER:               </div>
[08:43:43] CLIENT -> SERVER:             </div>
[08:43:43] CLIENT -> SERVER:
[08:43:43] CLIENT -> SERVER:             <!-- Footer -->
[08:43:43] CLIENT -> SERVER:             <div style='padding:16px 32px;border-top:1px solid rgba(255,255,255,.08);'>
[08:43:43] CLIENT -> SERVER:               <p style='color:rgba(255,255,255,.3);font-size:.75rem;margin:0;text-align:center;'>
[08:43:43] CLIENT -> SERVER:                 © 2026 Elite Fitness Gym. Nếu bạn không muốn nhận email này, liên hệ lễ tân.
[08:43:43] CLIENT -> SERVER:               </p>
[08:43:43] CLIENT -> SERVER:             </div>
[08:43:43] CLIENT -> SERVER:           </div>
[08:43:43] CLIENT -> SERVER:         </body></html>
[08:43:43] CLIENT -> SERVER:
[08:43:43] CLIENT -> SERVER:
[08:43:43] CLIENT -> SERVER: --b1=_cerXe9dZ6LJbcuoMYxDIUlvE3m3U0o19ppybbohE--
[08:43:43] CLIENT -> SERVER:
[08:43:43] CLIENT -> SERVER: .
[08:43:43] SERVER -> CLIENT: 250 2.0.0 OK  1781228623 d9443c01a7336-2c42f8c3b77sm2250805ad.29 - gsmtp
[08:43:43] CLIENT -> SERVER: QUIT
[08:43:43] SERVER -> CLIENT: 221 2.0.0 closing connection d9443c01a7336-2c42f8c3b77sm2250805ad.29 - gsmtp
[08:43:44] SERVER -> CLIENT: 220 smtp.gmail.com ESMTP d9443c01a7336-2c4327ac7fbsm2264915ad.42 - gsmtp
[08:43:44] CLIENT -> SERVER: EHLO DESKTOP-8FL2APL
[08:43:44] SERVER -> CLIENT: 250-smtp.gmail.com at your service, [42.113.61.147]
250-SIZE 35882577
250-8BITMIME
250-STARTTLS
250-ENHANCEDSTATUSCODES
250-PIPELINING
250-CHUNKING
250 SMTPUTF8
[08:43:44] CLIENT -> SERVER: STARTTLS
[08:43:44] SERVER -> CLIENT: 220 2.0.0 Ready to start TLS
[08:43:44] CLIENT -> SERVER: EHLO DESKTOP-8FL2APL
[08:43:44] SERVER -> CLIENT: 250-smtp.gmail.com at your service, [42.113.61.147]
250-SIZE 35882577
250-8BITMIME
250-AUTH LOGIN PLAIN XOAUTH2 PLAIN-CLIENTTOKEN OAUTHBEARER XOAUTH
250-ENHANCEDSTATUSCODES
250-PIPELINING
250-CHUNKING
250 SMTPUTF8
[08:43:44] CLIENT -> SERVER: AUTH LOGIN
[08:43:44] SERVER -> CLIENT: 334 VXNlcm5hbWU6
[08:43:44] CLIENT -> SERVER: [credentials hidden]
[08:43:45] SERVER -> CLIENT: 334 UGFzc3dvcmQ6
[08:43:45] CLIENT -> SERVER: [credentials hidden]
[08:43:45] SERVER -> CLIENT: 235 2.7.0 Accepted
[08:43:45] CLIENT -> SERVER: MAIL FROM:<pvhoang08082004@gmail.com>
[08:43:45] SERVER -> CLIENT: 250 2.1.0 OK d9443c01a7336-2c4327ac7fbsm2264915ad.42 - gsmtp
[08:43:45] CLIENT -> SERVER: RCPT TO:<tcuc041126@gmail.com>
[08:43:45] SERVER -> CLIENT: 250 2.1.5 OK d9443c01a7336-2c4327ac7fbsm2264915ad.42 - gsmtp
[08:43:45] CLIENT -> SERVER: DATA
[08:43:46] SERVER -> CLIENT: 354 Go ahead d9443c01a7336-2c4327ac7fbsm2264915ad.42 - gsmtp
[08:43:46] CLIENT -> SERVER: Date: Fri, 12 Jun 2026 08:43:43 +0700
[08:43:46] CLIENT -> SERVER: To: tcuc041126@gmail.com
[08:43:46] CLIENT -> SERVER: From: Elite Fitness Gym <pvhoang08082004@gmail.com>
[08:43:46] CLIENT -> SERVER: Subject: =?UTF-8?Q?[Elite_Gym]_Nh=E1=BA=AFc_nh=E1=BB=9F:_Ch=C6=B0a_=C4=91=C4=83ng_k=C3=BD_ca_t=E1=BA=ADp?=
[08:43:46] CLIENT -> SERVER: Message-ID: <f1LqWLC6kpRfC3HyWhnLfy5ZKo6tT3yG8apxM8wxCHg@DESKTOP-8FL2APL>
[08:43:46] CLIENT -> SERVER: X-Mailer: PHPMailer 7.0.2 (https://github.com/PHPMailer/PHPMailer)
[08:43:46] CLIENT -> SERVER: MIME-Version: 1.0
[08:43:46] CLIENT -> SERVER: Content-Type: multipart/alternative;
[08:43:46] CLIENT -> SERVER:  boundary="b1=_f1LqWLC6kpRfC3HyWhnLfy5ZKo6tT3yG8apxM8wxCHg"
[08:43:46] CLIENT -> SERVER: Content-Transfer-Encoding: 8bit
[08:43:46] CLIENT -> SERVER:
[08:43:46] CLIENT -> SERVER: --b1=_f1LqWLC6kpRfC3HyWhnLfy5ZKo6tT3yG8apxM8wxCHg
[08:43:46] CLIENT -> SERVER: Content-Type: text/plain; charset=UTF-8
[08:43:46] CLIENT -> SERVER: Content-Transfer-Encoding: 8bit
[08:43:46] CLIENT -> SERVER:
[08:43:46] CLIENT -> SERVER: Hôm nay (12/06/2026) bạn chưa đăng ký ca tập nào. Hãy liên hệ lễ tân hoặc đặt lịch ngay!
[08:43:46] CLIENT -> SERVER:
[08:43:46] CLIENT -> SERVER: --b1=_f1LqWLC6kpRfC3HyWhnLfy5ZKo6tT3yG8apxM8wxCHg
[08:43:46] CLIENT -> SERVER: Content-Type: text/html; charset=UTF-8
[08:43:46] CLIENT -> SERVER: Content-Transfer-Encoding: 8bit
[08:43:46] CLIENT -> SERVER:
[08:43:46] CLIENT -> SERVER:
[08:43:46] CLIENT -> SERVER:         <html>
[08:43:46] CLIENT -> SERVER:         <body style='font-family:Arial,sans-serif;background:#0a0a0a;color:#fff;padding:30px;margin:0;'>
[08:43:46] CLIENT -> SERVER:           <div style='max-width:520px;margin:auto;background:#111111;border-radius:4px;overflow:hidden;border:1px solid rgba(204,0,0,.25);'>
[08:43:46] CLIENT -> SERVER:
[08:43:46] CLIENT -> SERVER:             <!-- Header -->
[08:43:46] CLIENT -> SERVER:             <div style='background:#cc0000;padding:18px 32px;display:flex;align-items:center;gap:12px;'>
[08:43:46] CLIENT -> SERVER:               <span style='font-family:Arial,sans-serif;font-size:1.5rem;font-weight:900;color:#fff;letter-spacing:2px;text-transform:uppercase;'>ELITE GYM</span>
[08:43:46] CLIENT -> SERVER:               <span style='color:rgba(255,255,255,.6);font-size:.8rem;margin-left:auto;text-transform:uppercase;letter-spacing:1px;'>Thông báo</span>
[08:43:46] CLIENT -> SERVER:             </div>
[08:43:46] CLIENT -> SERVER:
[08:43:46] CLIENT -> SERVER:             <!-- Body -->
[08:43:46] CLIENT -> SERVER:             <div style='padding:28px 32px;'>
[08:43:46] CLIENT -> SERVER:               <p style='color:rgba(255,255,255,.6);margin:0 0 6px;font-size:.85rem;'>Xin chào,</p>
[08:43:46] CLIENT -> SERVER:               <p style='color:#fff;font-size:1rem;font-weight:700;margin:0 0 20px;'>Nguyễn Thị Thu Cúc</p>
[08:43:46] CLIENT -> SERVER:
[08:43:46] CLIENT -> SERVER:               <!-- Notification card -->
[08:43:46] CLIENT -> SERVER:               <div style='background:rgba(255,255,255,.04);border-left:3px solid #f59e0b;border-radius:2px;padding:16px 20px;margin-bottom:20px;'>
[08:43:46] CLIENT -> SERVER:                 <div style='font-size:.85rem;color:#f59e0b;font-weight:700;margin-bottom:8px;'>
[08:43:46] CLIENT -> SERVER:                   📅 Chưa đăng ký ca tập hôm nay
[08:43:46] CLIENT -> SERVER:                 </div>
[08:43:46] CLIENT -> SERVER:                 <div style='color:rgba(255,255,255,.75);font-size:.9rem;line-height:1.6;'>
[08:43:46] CLIENT -> SERVER:                   Hôm nay (12/06/2026) bạn chưa đăng ký ca tập nào. Hãy liên hệ lễ tân hoặc đặt lịch ngay!
[08:43:46] CLIENT -> SERVER:                 </div>
[08:43:46] CLIENT -> SERVER:               </div>
[08:43:46] CLIENT -> SERVER:
[08:43:46] CLIENT -> SERVER:               <div style='text-align:center;margin:24px 0 8px;'>
[08:43:46] CLIENT -> SERVER:                 <a href='http://localhost/PHP/ELite_GYM/public/'
[08:43:46] CLIENT -> SERVER:                    style='background:#cc0000;color:#fff;text-decoration:none;padding:12px 32px;border-radius:3px;font-weight:700;font-size:.9rem;letter-spacing:1px;display:inline-block;'>
[08:43:46] CLIENT -> SERVER:                   Vào trang Elite Gym
[08:43:46] CLIENT -> SERVER:                 </a>
[08:43:46] CLIENT -> SERVER:               </div>
[08:43:46] CLIENT -> SERVER:             </div>
[08:43:46] CLIENT -> SERVER:
[08:43:46] CLIENT -> SERVER:             <!-- Footer -->
[08:43:46] CLIENT -> SERVER:             <div style='padding:16px 32px;border-top:1px solid rgba(255,255,255,.08);'>
[08:43:46] CLIENT -> SERVER:               <p style='color:rgba(255,255,255,.3);font-size:.75rem;margin:0;text-align:center;'>
[08:43:46] CLIENT -> SERVER:                 © 2026 Elite Fitness Gym. Nếu bạn không muốn nhận email này, liên hệ lễ tân.
[08:43:46] CLIENT -> SERVER:               </p>
[08:43:46] CLIENT -> SERVER:             </div>
[08:43:46] CLIENT -> SERVER:           </div>
[08:43:46] CLIENT -> SERVER:         </body></html>
[08:43:46] CLIENT -> SERVER:
[08:43:46] CLIENT -> SERVER:
[08:43:46] CLIENT -> SERVER: --b1=_f1LqWLC6kpRfC3HyWhnLfy5ZKo6tT3yG8apxM8wxCHg--
[08:43:46] CLIENT -> SERVER:
[08:43:46] CLIENT -> SERVER: .
[08:43:46] SERVER -> CLIENT: 250 2.0.0 OK  1781228626 d9443c01a7336-2c4327ac7fbsm2264915ad.42 - gsmtp
[08:43:46] CLIENT -> SERVER: QUIT
[08:43:46] SERVER -> CLIENT: 221 2.0.0 closing connection d9443c01a7336-2c4327ac7fbsm2264915ad.42 - gsmtp
[08:43:47] SERVER -> CLIENT: 220 smtp.gmail.com ESMTP 98e67ed59e1d1-37a2678375fsm227645a91.17 - gsmtp
[08:43:47] CLIENT -> SERVER: EHLO DESKTOP-8FL2APL
[08:43:47] SERVER -> CLIENT: 250-smtp.gmail.com at your service, [42.113.61.147]
250-SIZE 35882577
250-8BITMIME
250-STARTTLS
250-ENHANCEDSTATUSCODES
250-PIPELINING
250-CHUNKING
250 SMTPUTF8
[08:43:47] CLIENT -> SERVER: STARTTLS
[08:43:48] SERVER -> CLIENT: 220 2.0.0 Ready to start TLS
[08:43:48] CLIENT -> SERVER: EHLO DESKTOP-8FL2APL
[08:43:48] SERVER -> CLIENT: 250-smtp.gmail.com at your service, [42.113.61.147]
250-SIZE 35882577
250-8BITMIME
250-AUTH LOGIN PLAIN XOAUTH2 PLAIN-CLIENTTOKEN OAUTHBEARER XOAUTH
250-ENHANCEDSTATUSCODES
250-PIPELINING
250-CHUNKING
250 SMTPUTF8
[08:43:48] CLIENT -> SERVER: AUTH LOGIN
[08:43:48] SERVER -> CLIENT: 334 VXNlcm5hbWU6
[08:43:48] CLIENT -> SERVER: [credentials hidden]
[08:43:48] SERVER -> CLIENT: 334 UGFzc3dvcmQ6
[08:43:48] CLIENT -> SERVER: [credentials hidden]
[08:43:48] SERVER -> CLIENT: 235 2.7.0 Accepted
[08:43:48] CLIENT -> SERVER: MAIL FROM:<pvhoang08082004@gmail.com>
[08:43:49] SERVER -> CLIENT: 250 2.1.0 OK 98e67ed59e1d1-37a2678375fsm227645a91.17 - gsmtp
[08:43:49] CLIENT -> SERVER: RCPT TO:<hoang080820041aa@gmail.com>
[08:43:49] SERVER -> CLIENT: 250 2.1.5 OK 98e67ed59e1d1-37a2678375fsm227645a91.17 - gsmtp
[08:43:49] CLIENT -> SERVER: DATA
[08:43:49] SERVER -> CLIENT: 354 Go ahead 98e67ed59e1d1-37a2678375fsm227645a91.17 - gsmtp
[08:43:49] CLIENT -> SERVER: Date: Fri, 12 Jun 2026 08:43:46 +0700
[08:43:49] CLIENT -> SERVER: To: hoang080820041aa@gmail.com
[08:43:49] CLIENT -> SERVER: From: Elite Fitness Gym <pvhoang08082004@gmail.com>
[08:43:49] CLIENT -> SERVER: Subject: =?UTF-8?Q?[Elite_Gym]_Nh=E1=BA=AFc_nh=E1=BB=9F:_Ch=C6=B0a_=C4=91=C4=83ng_k=C3=BD_ca_t=E1=BA=ADp?=
[08:43:49] CLIENT -> SERVER: Message-ID: <ZkZwCBI6dqFq8EUQ2DK7ThXuwjspHz8TS6lMWVPSWms@DESKTOP-8FL2APL>
[08:43:49] CLIENT -> SERVER: X-Mailer: PHPMailer 7.0.2 (https://github.com/PHPMailer/PHPMailer)
[08:43:49] CLIENT -> SERVER: MIME-Version: 1.0
[08:43:49] CLIENT -> SERVER: Content-Type: multipart/alternative;
[08:43:49] CLIENT -> SERVER:  boundary="b1=_ZkZwCBI6dqFq8EUQ2DK7ThXuwjspHz8TS6lMWVPSWms"
[08:43:49] CLIENT -> SERVER: Content-Transfer-Encoding: 8bit
[08:43:49] CLIENT -> SERVER:
[08:43:49] CLIENT -> SERVER: --b1=_ZkZwCBI6dqFq8EUQ2DK7ThXuwjspHz8TS6lMWVPSWms
[08:43:49] CLIENT -> SERVER: Content-Type: text/plain; charset=UTF-8
[08:43:49] CLIENT -> SERVER: Content-Transfer-Encoding: 8bit
[08:43:49] CLIENT -> SERVER:
[08:43:49] CLIENT -> SERVER: Hôm nay (12/06/2026) bạn chưa đăng ký ca tập nào. Hãy liên hệ lễ tân hoặc đặt lịch ngay!
[08:43:49] CLIENT -> SERVER:
[08:43:49] CLIENT -> SERVER: --b1=_ZkZwCBI6dqFq8EUQ2DK7ThXuwjspHz8TS6lMWVPSWms
[08:43:49] CLIENT -> SERVER: Content-Type: text/html; charset=UTF-8
[08:43:49] CLIENT -> SERVER: Content-Transfer-Encoding: 8bit
[08:43:49] CLIENT -> SERVER:
[08:43:49] CLIENT -> SERVER:
[08:43:49] CLIENT -> SERVER:         <html>
[08:43:49] CLIENT -> SERVER:         <body style='font-family:Arial,sans-serif;background:#0a0a0a;color:#fff;padding:30px;margin:0;'>
[08:43:49] CLIENT -> SERVER:           <div style='max-width:520px;margin:auto;background:#111111;border-radius:4px;overflow:hidden;border:1px solid rgba(204,0,0,.25);'>
[08:43:49] CLIENT -> SERVER:
[08:43:49] CLIENT -> SERVER:             <!-- Header -->
[08:43:49] CLIENT -> SERVER:             <div style='background:#cc0000;padding:18px 32px;display:flex;align-items:center;gap:12px;'>
[08:43:49] CLIENT -> SERVER:               <span style='font-family:Arial,sans-serif;font-size:1.5rem;font-weight:900;color:#fff;letter-spacing:2px;text-transform:uppercase;'>ELITE GYM</span>
[08:43:49] CLIENT -> SERVER:               <span style='color:rgba(255,255,255,.6);font-size:.8rem;margin-left:auto;text-transform:uppercase;letter-spacing:1px;'>Thông báo</span>
[08:43:49] CLIENT -> SERVER:             </div>
[08:43:49] CLIENT -> SERVER:
[08:43:49] CLIENT -> SERVER:             <!-- Body -->
[08:43:49] CLIENT -> SERVER:             <div style='padding:28px 32px;'>
[08:43:49] CLIENT -> SERVER:               <p style='color:rgba(255,255,255,.6);margin:0 0 6px;font-size:.85rem;'>Xin chào,</p>
[08:43:49] CLIENT -> SERVER:               <p style='color:#fff;font-size:1rem;font-weight:700;margin:0 0 20px;'>Nguyễn Thị Thu Cúc</p>
[08:43:49] CLIENT -> SERVER:
[08:43:49] CLIENT -> SERVER:               <!-- Notification card -->
[08:43:49] CLIENT -> SERVER:               <div style='background:rgba(255,255,255,.04);border-left:3px solid #f59e0b;border-radius:2px;padding:16px 20px;margin-bottom:20px;'>
[08:43:49] CLIENT -> SERVER:                 <div style='font-size:.85rem;color:#f59e0b;font-weight:700;margin-bottom:8px;'>
[08:43:49] CLIENT -> SERVER:                   📅 Chưa đăng ký ca tập hôm nay
[08:43:49] CLIENT -> SERVER:                 </div>
[08:43:49] CLIENT -> SERVER:                 <div style='color:rgba(255,255,255,.75);font-size:.9rem;line-height:1.6;'>
[08:43:49] CLIENT -> SERVER:                   Hôm nay (12/06/2026) bạn chưa đăng ký ca tập nào. Hãy liên hệ lễ tân hoặc đặt lịch ngay!
[08:43:49] CLIENT -> SERVER:                 </div>
[08:43:49] CLIENT -> SERVER:               </div>
[08:43:49] CLIENT -> SERVER:
[08:43:49] CLIENT -> SERVER:               <div style='text-align:center;margin:24px 0 8px;'>
[08:43:49] CLIENT -> SERVER:                 <a href='http://localhost/PHP/ELite_GYM/public/'
[08:43:49] CLIENT -> SERVER:                    style='background:#cc0000;color:#fff;text-decoration:none;padding:12px 32px;border-radius:3px;font-weight:700;font-size:.9rem;letter-spacing:1px;display:inline-block;'>
[08:43:49] CLIENT -> SERVER:                   Vào trang Elite Gym
[08:43:49] CLIENT -> SERVER:                 </a>
[08:43:49] CLIENT -> SERVER:               </div>
[08:43:49] CLIENT -> SERVER:             </div>
[08:43:49] CLIENT -> SERVER:
[08:43:49] CLIENT -> SERVER:             <!-- Footer -->
[08:43:49] CLIENT -> SERVER:             <div style='padding:16px 32px;border-top:1px solid rgba(255,255,255,.08);'>
[08:43:49] CLIENT -> SERVER:               <p style='color:rgba(255,255,255,.3);font-size:.75rem;margin:0;text-align:center;'>
[08:43:49] CLIENT -> SERVER:                 © 2026 Elite Fitness Gym. Nếu bạn không muốn nhận email này, liên hệ lễ tân.
[08:43:49] CLIENT -> SERVER:               </p>
[08:43:49] CLIENT -> SERVER:             </div>
[08:43:49] CLIENT -> SERVER:           </div>
[08:43:49] CLIENT -> SERVER:         </body></html>
[08:43:49] CLIENT -> SERVER:
[08:43:49] CLIENT -> SERVER:
[08:43:49] CLIENT -> SERVER: --b1=_ZkZwCBI6dqFq8EUQ2DK7ThXuwjspHz8TS6lMWVPSWms--
[08:43:49] CLIENT -> SERVER:
[08:43:49] CLIENT -> SERVER: .
[08:43:50] SERVER -> CLIENT: 250 2.0.0 OK  1781228630 98e67ed59e1d1-37a2678375fsm227645a91.17 - gsmtp
[08:43:50] CLIENT -> SERVER: QUIT
[08:43:50] SERVER -> CLIENT: 221 2.0.0 closing connection 98e67ed59e1d1-37a2678375fsm227645a91.17 - gsmtp
[08:43:51] SERVER -> CLIENT: 220 smtp.gmail.com ESMTP 98e67ed59e1d1-37a1c4abe46sm270139a91.0 - gsmtp
[08:43:51] CLIENT -> SERVER: EHLO DESKTOP-8FL2APL
[08:43:51] SERVER -> CLIENT: 250-smtp.gmail.com at your service, [42.113.61.147]
250-SIZE 35882577
250-8BITMIME
250-STARTTLS
250-ENHANCEDSTATUSCODES
250-PIPELINING
250-CHUNKING
250 SMTPUTF8
[08:43:51] CLIENT -> SERVER: STARTTLS
[08:43:51] SERVER -> CLIENT: 220 2.0.0 Ready to start TLS
[08:43:51] CLIENT -> SERVER: EHLO DESKTOP-8FL2APL
[08:43:51] SERVER -> CLIENT: 250-smtp.gmail.com at your service, [42.113.61.147]
250-SIZE 35882577
250-8BITMIME
250-AUTH LOGIN PLAIN XOAUTH2 PLAIN-CLIENTTOKEN OAUTHBEARER XOAUTH
250-ENHANCEDSTATUSCODES
250-PIPELINING
250-CHUNKING
250 SMTPUTF8
[08:43:51] CLIENT -> SERVER: AUTH LOGIN
[08:43:52] SERVER -> CLIENT: 334 VXNlcm5hbWU6
[08:43:52] CLIENT -> SERVER: [credentials hidden]
[08:43:52] SERVER -> CLIENT: 334 UGFzc3dvcmQ6
[08:43:52] CLIENT -> SERVER: [credentials hidden]
[08:43:52] SERVER -> CLIENT: 235 2.7.0 Accepted
[08:43:52] CLIENT -> SERVER: MAIL FROM:<pvhoang08082004@gmail.com>
[08:43:52] SERVER -> CLIENT: 250 2.1.0 OK 98e67ed59e1d1-37a1c4abe46sm270139a91.0 - gsmtp
[08:43:52] CLIENT -> SERVER: RCPT TO:<20221672@eaut.edu.vn>
[08:43:53] SERVER -> CLIENT: 250 2.1.5 OK 98e67ed59e1d1-37a1c4abe46sm270139a91.0 - gsmtp
[08:43:53] CLIENT -> SERVER: DATA
[08:43:53] SERVER -> CLIENT: 354 Go ahead 98e67ed59e1d1-37a1c4abe46sm270139a91.0 - gsmtp
[08:43:53] CLIENT -> SERVER: Date: Fri, 12 Jun 2026 08:43:50 +0700
[08:43:53] CLIENT -> SERVER: To: 20221672@eaut.edu.vn
[08:43:53] CLIENT -> SERVER: From: Elite Fitness Gym <pvhoang08082004@gmail.com>
[08:43:53] CLIENT -> SERVER: Subject: =?UTF-8?Q?[Elite_Gym]_Nh=E1=BA=AFc_nh=E1=BB=9F:_Ch=C6=B0a_=C4=91=C4=83ng_k=C3=BD_ca_t=E1=BA=ADp?=
[08:43:53] CLIENT -> SERVER: Message-ID: <lNNxXDAHbjiEkYFHeuZGmOq9DmiTL1WS8JM7eB42BuI@DESKTOP-8FL2APL>
[08:43:53] CLIENT -> SERVER: X-Mailer: PHPMailer 7.0.2 (https://github.com/PHPMailer/PHPMailer)
[08:43:53] CLIENT -> SERVER: MIME-Version: 1.0
[08:43:53] CLIENT -> SERVER: Content-Type: multipart/alternative;
[08:43:53] CLIENT -> SERVER:  boundary="b1=_lNNxXDAHbjiEkYFHeuZGmOq9DmiTL1WS8JM7eB42BuI"
[08:43:53] CLIENT -> SERVER: Content-Transfer-Encoding: 8bit
[08:43:53] CLIENT -> SERVER:
[08:43:53] CLIENT -> SERVER: --b1=_lNNxXDAHbjiEkYFHeuZGmOq9DmiTL1WS8JM7eB42BuI
[08:43:53] CLIENT -> SERVER: Content-Type: text/plain; charset=UTF-8
[08:43:53] CLIENT -> SERVER: Content-Transfer-Encoding: 8bit
[08:43:53] CLIENT -> SERVER:
[08:43:53] CLIENT -> SERVER: Hôm nay (12/06/2026) bạn chưa đăng ký ca tập nào. Hãy liên hệ lễ tân hoặc đặt lịch ngay!
[08:43:53] CLIENT -> SERVER:
[08:43:53] CLIENT -> SERVER: --b1=_lNNxXDAHbjiEkYFHeuZGmOq9DmiTL1WS8JM7eB42BuI
[08:43:53] CLIENT -> SERVER: Content-Type: text/html; charset=UTF-8
[08:43:53] CLIENT -> SERVER: Content-Transfer-Encoding: 8bit
[08:43:53] CLIENT -> SERVER:
[08:43:53] CLIENT -> SERVER:
[08:43:53] CLIENT -> SERVER:         <html>
[08:43:53] CLIENT -> SERVER:         <body style='font-family:Arial,sans-serif;background:#0a0a0a;color:#fff;padding:30px;margin:0;'>
[08:43:53] CLIENT -> SERVER:           <div style='max-width:520px;margin:auto;background:#111111;border-radius:4px;overflow:hidden;border:1px solid rgba(204,0,0,.25);'>
[08:43:53] CLIENT -> SERVER:
[08:43:53] CLIENT -> SERVER:             <!-- Header -->
[08:43:53] CLIENT -> SERVER:             <div style='background:#cc0000;padding:18px 32px;display:flex;align-items:center;gap:12px;'>
[08:43:53] CLIENT -> SERVER:               <span style='font-family:Arial,sans-serif;font-size:1.5rem;font-weight:900;color:#fff;letter-spacing:2px;text-transform:uppercase;'>ELITE GYM</span>
[08:43:53] CLIENT -> SERVER:               <span style='color:rgba(255,255,255,.6);font-size:.8rem;margin-left:auto;text-transform:uppercase;letter-spacing:1px;'>Thông báo</span>
[08:43:53] CLIENT -> SERVER:             </div>
[08:43:53] CLIENT -> SERVER:
[08:43:53] CLIENT -> SERVER:             <!-- Body -->
[08:43:53] CLIENT -> SERVER:             <div style='padding:28px 32px;'>
[08:43:53] CLIENT -> SERVER:               <p style='color:rgba(255,255,255,.6);margin:0 0 6px;font-size:.85rem;'>Xin chào,</p>
[08:43:53] CLIENT -> SERVER:               <p style='color:#fff;font-size:1rem;font-weight:700;margin:0 0 20px;'>Hoàng Phạm Văn</p>
[08:43:53] CLIENT -> SERVER:
[08:43:53] CLIENT -> SERVER:               <!-- Notification card -->
[08:43:53] CLIENT -> SERVER:               <div style='background:rgba(255,255,255,.04);border-left:3px solid #f59e0b;border-radius:2px;padding:16px 20px;margin-bottom:20px;'>
[08:43:53] CLIENT -> SERVER:                 <div style='font-size:.85rem;color:#f59e0b;font-weight:700;margin-bottom:8px;'>
[08:43:53] CLIENT -> SERVER:                   📅 Chưa đăng ký ca tập hôm nay
[08:43:53] CLIENT -> SERVER:                 </div>
[08:43:53] CLIENT -> SERVER:                 <div style='color:rgba(255,255,255,.75);font-size:.9rem;line-height:1.6;'>
[08:43:53] CLIENT -> SERVER:                   Hôm nay (12/06/2026) bạn chưa đăng ký ca tập nào. Hãy liên hệ lễ tân hoặc đặt lịch ngay!
[08:43:53] CLIENT -> SERVER:                 </div>
[08:43:53] CLIENT -> SERVER:               </div>
[08:43:53] CLIENT -> SERVER:
[08:43:53] CLIENT -> SERVER:               <div style='text-align:center;margin:24px 0 8px;'>
[08:43:53] CLIENT -> SERVER:                 <a href='http://localhost/PHP/ELite_GYM/public/'
[08:43:53] CLIENT -> SERVER:                    style='background:#cc0000;color:#fff;text-decoration:none;padding:12px 32px;border-radius:3px;font-weight:700;font-size:.9rem;letter-spacing:1px;display:inline-block;'>
[08:43:53] CLIENT -> SERVER:                   Vào trang Elite Gym
[08:43:53] CLIENT -> SERVER:                 </a>
[08:43:53] CLIENT -> SERVER:               </div>
[08:43:53] CLIENT -> SERVER:             </div>
[08:43:53] CLIENT -> SERVER:
[08:43:53] CLIENT -> SERVER:             <!-- Footer -->
[08:43:53] CLIENT -> SERVER:             <div style='padding:16px 32px;border-top:1px solid rgba(255,255,255,.08);'>
[08:43:53] CLIENT -> SERVER:               <p style='color:rgba(255,255,255,.3);font-size:.75rem;margin:0;text-align:center;'>
[08:43:53] CLIENT -> SERVER:                 © 2026 Elite Fitness Gym. Nếu bạn không muốn nhận email này, liên hệ lễ tân.
[08:43:53] CLIENT -> SERVER:               </p>
[08:43:53] CLIENT -> SERVER:             </div>
[08:43:53] CLIENT -> SERVER:           </div>
[08:43:53] CLIENT -> SERVER:         </body></html>
[08:43:53] CLIENT -> SERVER:
[08:43:53] CLIENT -> SERVER:
[08:43:53] CLIENT -> SERVER: --b1=_lNNxXDAHbjiEkYFHeuZGmOq9DmiTL1WS8JM7eB42BuI--
[08:43:53] CLIENT -> SERVER:
[08:43:53] CLIENT -> SERVER: .
[08:43:53] SERVER -> CLIENT: 250 2.0.0 OK  1781228633 98e67ed59e1d1-37a1c4abe46sm270139a91.0 - gsmtp
[08:43:53] CLIENT -> SERVER: QUIT
[08:43:53] SERVER -> CLIENT: 221 2.0.0 closing connection 98e67ed59e1d1-37a1c4abe46sm270139a91.0 - gsmtp
[08:43:54] SERVER -> CLIENT: 220 smtp.gmail.com ESMTP 41be03b00d2f7-c8665186aefsm471655a12.15 - gsmtp
[08:43:54] CLIENT -> SERVER: EHLO DESKTOP-8FL2APL
[08:43:54] SERVER -> CLIENT: 250-smtp.gmail.com at your service, [42.113.61.147]
250-SIZE 35882577
250-8BITMIME
250-STARTTLS
250-ENHANCEDSTATUSCODES
250-PIPELINING
250-CHUNKING
250 SMTPUTF8
[08:43:54] CLIENT -> SERVER: STARTTLS
[08:43:55] SERVER -> CLIENT: 220 2.0.0 Ready to start TLS
[08:43:55] CLIENT -> SERVER: EHLO DESKTOP-8FL2APL
[08:43:55] SERVER -> CLIENT: 250-smtp.gmail.com at your service, [42.113.61.147]
250-SIZE 35882577
250-8BITMIME
250-AUTH LOGIN PLAIN XOAUTH2 PLAIN-CLIENTTOKEN OAUTHBEARER XOAUTH
250-ENHANCEDSTATUSCODES
250-PIPELINING
250-CHUNKING
250 SMTPUTF8
[08:43:55] CLIENT -> SERVER: AUTH LOGIN
[08:43:55] SERVER -> CLIENT: 334 VXNlcm5hbWU6
[08:43:55] CLIENT -> SERVER: [credentials hidden]
[08:43:55] SERVER -> CLIENT: 334 UGFzc3dvcmQ6
[08:43:55] CLIENT -> SERVER: [credentials hidden]
[08:43:55] SERVER -> CLIENT: 235 2.7.0 Accepted
[08:43:55] CLIENT -> SERVER: MAIL FROM:<pvhoang08082004@gmail.com>
[08:43:56] SERVER -> CLIENT: 250 2.1.0 OK 41be03b00d2f7-c8665186aefsm471655a12.15 - gsmtp
[08:43:56] CLIENT -> SERVER: RCPT TO:<pvhoang08082004@gmail.com>
[08:43:56] SERVER -> CLIENT: 250 2.1.5 OK 41be03b00d2f7-c8665186aefsm471655a12.15 - gsmtp
[08:43:56] CLIENT -> SERVER: DATA
[08:43:56] SERVER -> CLIENT: 354 Go ahead 41be03b00d2f7-c8665186aefsm471655a12.15 - gsmtp
[08:43:56] CLIENT -> SERVER: Date: Fri, 12 Jun 2026 08:43:53 +0700
[08:43:56] CLIENT -> SERVER: To: pvhoang08082004@gmail.com
[08:43:56] CLIENT -> SERVER: From: Elite Fitness Gym <pvhoang08082004@gmail.com>
[08:43:56] CLIENT -> SERVER: Subject: =?UTF-8?Q?[Elite_Gym]_Nh=E1=BA=AFc_nh=E1=BB=9F:_Ch=C6=B0a_=C4=91=C4=83ng_k=C3=BD_ca_t=E1=BA=ADp?=
[08:43:56] CLIENT -> SERVER: Message-ID: <1KZK88kD5T50G6YpRC2NhwMIhcOBJheKSIBn8zZAQ@DESKTOP-8FL2APL>
[08:43:56] CLIENT -> SERVER: X-Mailer: PHPMailer 7.0.2 (https://github.com/PHPMailer/PHPMailer)
[08:43:56] CLIENT -> SERVER: MIME-Version: 1.0
[08:43:56] CLIENT -> SERVER: Content-Type: multipart/alternative;
[08:43:56] CLIENT -> SERVER:  boundary="b1=_1KZK88kD5T50G6YpRC2NhwMIhcOBJheKSIBn8zZAQ"
[08:43:56] CLIENT -> SERVER: Content-Transfer-Encoding: 8bit
[08:43:56] CLIENT -> SERVER:
[08:43:56] CLIENT -> SERVER: --b1=_1KZK88kD5T50G6YpRC2NhwMIhcOBJheKSIBn8zZAQ
[08:43:56] CLIENT -> SERVER: Content-Type: text/plain; charset=UTF-8
[08:43:56] CLIENT -> SERVER: Content-Transfer-Encoding: 8bit
[08:43:56] CLIENT -> SERVER:
[08:43:56] CLIENT -> SERVER: Hôm nay (12/06/2026) bạn chưa đăng ký ca tập nào. Hãy liên hệ lễ tân hoặc đặt lịch ngay!
[08:43:56] CLIENT -> SERVER:
[08:43:56] CLIENT -> SERVER: --b1=_1KZK88kD5T50G6YpRC2NhwMIhcOBJheKSIBn8zZAQ
[08:43:56] CLIENT -> SERVER: Content-Type: text/html; charset=UTF-8
[08:43:56] CLIENT -> SERVER: Content-Transfer-Encoding: 8bit
[08:43:56] CLIENT -> SERVER:
[08:43:56] CLIENT -> SERVER:
[08:43:56] CLIENT -> SERVER:         <html>
[08:43:56] CLIENT -> SERVER:         <body style='font-family:Arial,sans-serif;background:#0a0a0a;color:#fff;padding:30px;margin:0;'>
[08:43:56] CLIENT -> SERVER:           <div style='max-width:520px;margin:auto;background:#111111;border-radius:4px;overflow:hidden;border:1px solid rgba(204,0,0,.25);'>
[08:43:56] CLIENT -> SERVER:
[08:43:56] CLIENT -> SERVER:             <!-- Header -->
[08:43:56] CLIENT -> SERVER:             <div style='background:#cc0000;padding:18px 32px;display:flex;align-items:center;gap:12px;'>
[08:43:56] CLIENT -> SERVER:               <span style='font-family:Arial,sans-serif;font-size:1.5rem;font-weight:900;color:#fff;letter-spacing:2px;text-transform:uppercase;'>ELITE GYM</span>
[08:43:56] CLIENT -> SERVER:               <span style='color:rgba(255,255,255,.6);font-size:.8rem;margin-left:auto;text-transform:uppercase;letter-spacing:1px;'>Thông báo</span>
[08:43:56] CLIENT -> SERVER:             </div>
[08:43:56] CLIENT -> SERVER:
[08:43:56] CLIENT -> SERVER:             <!-- Body -->
[08:43:56] CLIENT -> SERVER:             <div style='padding:28px 32px;'>
[08:43:56] CLIENT -> SERVER:               <p style='color:rgba(255,255,255,.6);margin:0 0 6px;font-size:.85rem;'>Xin chào,</p>
[08:43:56] CLIENT -> SERVER:               <p style='color:#fff;font-size:1rem;font-weight:700;margin:0 0 20px;'>Phạm Văn Hoàng</p>
[08:43:56] CLIENT -> SERVER:
[08:43:56] CLIENT -> SERVER:               <!-- Notification card -->
[08:43:56] CLIENT -> SERVER:               <div style='background:rgba(255,255,255,.04);border-left:3px solid #f59e0b;border-radius:2px;padding:16px 20px;margin-bottom:20px;'>
[08:43:56] CLIENT -> SERVER:                 <div style='font-size:.85rem;color:#f59e0b;font-weight:700;margin-bottom:8px;'>
[08:43:56] CLIENT -> SERVER:                   📅 Chưa đăng ký ca tập hôm nay
[08:43:56] CLIENT -> SERVER:                 </div>
[08:43:56] CLIENT -> SERVER:                 <div style='color:rgba(255,255,255,.75);font-size:.9rem;line-height:1.6;'>
[08:43:56] CLIENT -> SERVER:                   Hôm nay (12/06/2026) bạn chưa đăng ký ca tập nào. Hãy liên hệ lễ tân hoặc đặt lịch ngay!
[08:43:56] CLIENT -> SERVER:                 </div>
[08:43:56] CLIENT -> SERVER:               </div>
[08:43:56] CLIENT -> SERVER:
[08:43:56] CLIENT -> SERVER:               <div style='text-align:center;margin:24px 0 8px;'>
[08:43:56] CLIENT -> SERVER:                 <a href='http://localhost/PHP/ELite_GYM/public/'
[08:43:56] CLIENT -> SERVER:                    style='background:#cc0000;color:#fff;text-decoration:none;padding:12px 32px;border-radius:3px;font-weight:700;font-size:.9rem;letter-spacing:1px;display:inline-block;'>
[08:43:56] CLIENT -> SERVER:                   Vào trang Elite Gym
[08:43:56] CLIENT -> SERVER:                 </a>
[08:43:56] CLIENT -> SERVER:               </div>
[08:43:56] CLIENT -> SERVER:             </div>
[08:43:56] CLIENT -> SERVER:
[08:43:56] CLIENT -> SERVER:             <!-- Footer -->
[08:43:56] CLIENT -> SERVER:             <div style='padding:16px 32px;border-top:1px solid rgba(255,255,255,.08);'>
[08:43:56] CLIENT -> SERVER:               <p style='color:rgba(255,255,255,.3);font-size:.75rem;margin:0;text-align:center;'>
[08:43:56] CLIENT -> SERVER:                 © 2026 Elite Fitness Gym. Nếu bạn không muốn nhận email này, liên hệ lễ tân.
[08:43:56] CLIENT -> SERVER:               </p>
[08:43:56] CLIENT -> SERVER:             </div>
[08:43:56] CLIENT -> SERVER:           </div>
[08:43:56] CLIENT -> SERVER:         </body></html>
[08:43:56] CLIENT -> SERVER:
[08:43:56] CLIENT -> SERVER:
[08:43:56] CLIENT -> SERVER: --b1=_1KZK88kD5T50G6YpRC2NhwMIhcOBJheKSIBn8zZAQ--
[08:43:56] CLIENT -> SERVER:
[08:43:56] CLIENT -> SERVER: .
[08:43:57] SERVER -> CLIENT: 250 2.0.0 OK  1781228636 41be03b00d2f7-c8665186aefsm471655a12.15 - gsmtp
[08:43:57] CLIENT -> SERVER: QUIT
[08:43:57] SERVER -> CLIENT: 221 2.0.0 closing connection 41be03b00d2f7-c8665186aefsm471655a12.15 - gsmtp
[06:43:40] SERVER -> CLIENT: 220 smtp.gmail.com ESMTP 5a478bee46e88-3081e91f8b5sm5189389eec.19 - gsmtp
[06:43:40] CLIENT -> SERVER: EHLO DESKTOP-8FL2APL
[06:43:41] SERVER -> CLIENT: 250-smtp.gmail.com at your service, [42.113.61.147]
250-SIZE 35882577
250-8BITMIME
250-STARTTLS
250-ENHANCEDSTATUSCODES
250-PIPELINING
250-CHUNKING
250 SMTPUTF8
[06:43:41] CLIENT -> SERVER: STARTTLS
[06:43:41] SERVER -> CLIENT: 220 2.0.0 Ready to start TLS
[06:43:41] CLIENT -> SERVER: EHLO DESKTOP-8FL2APL
[06:43:41] SERVER -> CLIENT: 250-smtp.gmail.com at your service, [42.113.61.147]
250-SIZE 35882577
250-8BITMIME
250-AUTH LOGIN PLAIN XOAUTH2 PLAIN-CLIENTTOKEN OAUTHBEARER XOAUTH
250-ENHANCEDSTATUSCODES
250-PIPELINING
250-CHUNKING
250 SMTPUTF8
[06:43:41] CLIENT -> SERVER: AUTH LOGIN
[06:43:41] SERVER -> CLIENT: 334 VXNlcm5hbWU6
[06:43:41] CLIENT -> SERVER: [credentials hidden]
[06:43:41] SERVER -> CLIENT: 334 UGFzc3dvcmQ6
[06:43:41] CLIENT -> SERVER: [credentials hidden]
[06:43:42] SERVER -> CLIENT: 235 2.7.0 Accepted
[06:43:42] CLIENT -> SERVER: MAIL FROM:<pvhoang08082004@gmail.com>
[06:43:42] SERVER -> CLIENT: 250 2.1.0 OK 5a478bee46e88-3081e91f8b5sm5189389eec.19 - gsmtp
[06:43:42] CLIENT -> SERVER: RCPT TO:<pvhoang08082004@gmail.com>
[06:43:42] SERVER -> CLIENT: 250 2.1.5 OK 5a478bee46e88-3081e91f8b5sm5189389eec.19 - gsmtp
[06:43:42] CLIENT -> SERVER: DATA
[06:43:42] SERVER -> CLIENT: 354 Go ahead 5a478bee46e88-3081e91f8b5sm5189389eec.19 - gsmtp
[06:43:42] CLIENT -> SERVER: Date: Sat, 13 Jun 2026 06:43:39 +0700
[06:43:42] CLIENT -> SERVER: To: pvhoang08082004@gmail.com
[06:43:42] CLIENT -> SERVER: From: Elite Fitness Gym <pvhoang08082004@gmail.com>
[06:43:42] CLIENT -> SERVER: Subject: =?UTF-8?Q?[Elite_Gym]_Nh=E1=BA=AFc_nh=E1=BB=9F:_Ch=C6=B0a_=C4=91=C4=83ng_k=C3=BD_ca_t=E1=BA=ADp?=
[06:43:42] CLIENT -> SERVER: Message-ID: <2VFuHpCMrmypMhINPEeoA12y1O2ZuMhmdXrjoie2wM@DESKTOP-8FL2APL>
[06:43:42] CLIENT -> SERVER: X-Mailer: PHPMailer 7.0.2 (https://github.com/PHPMailer/PHPMailer)
[06:43:42] CLIENT -> SERVER: MIME-Version: 1.0
[06:43:42] CLIENT -> SERVER: Content-Type: multipart/alternative;
[06:43:42] CLIENT -> SERVER:  boundary="b1=_2VFuHpCMrmypMhINPEeoA12y1O2ZuMhmdXrjoie2wM"
[06:43:42] CLIENT -> SERVER: Content-Transfer-Encoding: 8bit
[06:43:42] CLIENT -> SERVER:
[06:43:42] CLIENT -> SERVER: --b1=_2VFuHpCMrmypMhINPEeoA12y1O2ZuMhmdXrjoie2wM
[06:43:42] CLIENT -> SERVER: Content-Type: text/plain; charset=UTF-8
[06:43:42] CLIENT -> SERVER: Content-Transfer-Encoding: 8bit
[06:43:42] CLIENT -> SERVER:
[06:43:42] CLIENT -> SERVER: Hôm nay (13/06/2026) bạn chưa đăng ký ca tập nào. Hãy liên hệ lễ tân hoặc đặt lịch ngay!
[06:43:42] CLIENT -> SERVER:
[06:43:42] CLIENT -> SERVER: --b1=_2VFuHpCMrmypMhINPEeoA12y1O2ZuMhmdXrjoie2wM
[06:43:42] CLIENT -> SERVER: Content-Type: text/html; charset=UTF-8
[06:43:42] CLIENT -> SERVER: Content-Transfer-Encoding: 8bit
[06:43:42] CLIENT -> SERVER:
[06:43:42] CLIENT -> SERVER:
[06:43:42] CLIENT -> SERVER:         <html>
[06:43:42] CLIENT -> SERVER:         <body style='font-family:Arial,sans-serif;background:#0a0a0a;color:#fff;padding:30px;margin:0;'>
[06:43:42] CLIENT -> SERVER:           <div style='max-width:520px;margin:auto;background:#111111;border-radius:4px;overflow:hidden;border:1px solid rgba(204,0,0,.25);'>
[06:43:42] CLIENT -> SERVER:
[06:43:42] CLIENT -> SERVER:             <!-- Header -->
[06:43:42] CLIENT -> SERVER:             <div style='background:#cc0000;padding:18px 32px;display:flex;align-items:center;gap:12px;'>
[06:43:42] CLIENT -> SERVER:               <span style='font-family:Arial,sans-serif;font-size:1.5rem;font-weight:900;color:#fff;letter-spacing:2px;text-transform:uppercase;'>ELITE GYM</span>
[06:43:42] CLIENT -> SERVER:               <span style='color:rgba(255,255,255,.6);font-size:.8rem;margin-left:auto;text-transform:uppercase;letter-spacing:1px;'>Thông báo</span>
[06:43:42] CLIENT -> SERVER:             </div>
[06:43:42] CLIENT -> SERVER:
[06:43:42] CLIENT -> SERVER:             <!-- Body -->
[06:43:42] CLIENT -> SERVER:             <div style='padding:28px 32px;'>
[06:43:42] CLIENT -> SERVER:               <p style='color:rgba(255,255,255,.6);margin:0 0 6px;font-size:.85rem;'>Xin chào,</p>
[06:43:42] CLIENT -> SERVER:               <p style='color:#fff;font-size:1rem;font-weight:700;margin:0 0 20px;'>Hoàng Phạm Văn</p>
[06:43:42] CLIENT -> SERVER:
[06:43:42] CLIENT -> SERVER:               <!-- Notification card -->
[06:43:42] CLIENT -> SERVER:               <div style='background:rgba(255,255,255,.04);border-left:3px solid #f59e0b;border-radius:2px;padding:16px 20px;margin-bottom:20px;'>
[06:43:42] CLIENT -> SERVER:                 <div style='font-size:.85rem;color:#f59e0b;font-weight:700;margin-bottom:8px;'>
[06:43:42] CLIENT -> SERVER:                   📅 Chưa đăng ký ca tập hôm nay
[06:43:42] CLIENT -> SERVER:                 </div>
[06:43:42] CLIENT -> SERVER:                 <div style='color:rgba(255,255,255,.75);font-size:.9rem;line-height:1.6;'>
[06:43:42] CLIENT -> SERVER:                   Hôm nay (13/06/2026) bạn chưa đăng ký ca tập nào. Hãy liên hệ lễ tân hoặc đặt lịch ngay!
[06:43:42] CLIENT -> SERVER:                 </div>
[06:43:42] CLIENT -> SERVER:               </div>
[06:43:42] CLIENT -> SERVER:
[06:43:42] CLIENT -> SERVER:               <div style='text-align:center;margin:24px 0 8px;'>
[06:43:42] CLIENT -> SERVER:                 <a href='http://localhost/PHP/ELite_GYM/public/'
[06:43:42] CLIENT -> SERVER:                    style='background:#cc0000;color:#fff;text-decoration:none;padding:12px 32px;border-radius:3px;font-weight:700;font-size:.9rem;letter-spacing:1px;display:inline-block;'>
[06:43:42] CLIENT -> SERVER:                   Vào trang Elite Gym
[06:43:42] CLIENT -> SERVER:                 </a>
[06:43:42] CLIENT -> SERVER:               </div>
[06:43:42] CLIENT -> SERVER:             </div>
[06:43:42] CLIENT -> SERVER:
[06:43:42] CLIENT -> SERVER:             <!-- Footer -->
[06:43:42] CLIENT -> SERVER:             <div style='padding:16px 32px;border-top:1px solid rgba(255,255,255,.08);'>
[06:43:42] CLIENT -> SERVER:               <p style='color:rgba(255,255,255,.3);font-size:.75rem;margin:0;text-align:center;'>
[06:43:42] CLIENT -> SERVER:                 © 2026 Elite Fitness Gym. Nếu bạn không muốn nhận email này, liên hệ lễ tân.
[06:43:42] CLIENT -> SERVER:               </p>
[06:43:42] CLIENT -> SERVER:             </div>
[06:43:42] CLIENT -> SERVER:           </div>
[06:43:42] CLIENT -> SERVER:         </body></html>
[06:43:42] CLIENT -> SERVER:
[06:43:42] CLIENT -> SERVER:
[06:43:42] CLIENT -> SERVER: --b1=_2VFuHpCMrmypMhINPEeoA12y1O2ZuMhmdXrjoie2wM--
[06:43:42] CLIENT -> SERVER:
[06:43:42] CLIENT -> SERVER: .
[06:43:43] SERVER -> CLIENT: 250 2.0.0 OK  1781307823 5a478bee46e88-3081e91f8b5sm5189389eec.19 - gsmtp
[06:43:43] CLIENT -> SERVER: QUIT
[06:43:43] SERVER -> CLIENT: 221 2.0.0 closing connection 5a478bee46e88-3081e91f8b5sm5189389eec.19 - gsmtp
[06:43:44] SERVER -> CLIENT: 220 smtp.gmail.com ESMTP 5a478bee46e88-3081e91fb97sm5630567eec.14 - gsmtp
[06:43:44] CLIENT -> SERVER: EHLO DESKTOP-8FL2APL
[06:43:44] SERVER -> CLIENT: 250-smtp.gmail.com at your service, [42.113.61.147]
250-SIZE 35882577
250-8BITMIME
250-STARTTLS
250-ENHANCEDSTATUSCODES
250-PIPELINING
250-CHUNKING
250 SMTPUTF8
[06:43:44] CLIENT -> SERVER: STARTTLS
[06:43:44] SERVER -> CLIENT: 220 2.0.0 Ready to start TLS
[06:43:44] CLIENT -> SERVER: EHLO DESKTOP-8FL2APL
[06:43:45] SERVER -> CLIENT: 250-smtp.gmail.com at your service, [42.113.61.147]
250-SIZE 35882577
250-8BITMIME
250-AUTH LOGIN PLAIN XOAUTH2 PLAIN-CLIENTTOKEN OAUTHBEARER XOAUTH
250-ENHANCEDSTATUSCODES
250-PIPELINING
250-CHUNKING
250 SMTPUTF8
[06:43:45] CLIENT -> SERVER: AUTH LOGIN
[06:43:45] SERVER -> CLIENT: 334 VXNlcm5hbWU6
[06:43:45] CLIENT -> SERVER: [credentials hidden]
[06:43:45] SERVER -> CLIENT: 334 UGFzc3dvcmQ6
[06:43:45] CLIENT -> SERVER: [credentials hidden]
[06:43:45] SERVER -> CLIENT: 235 2.7.0 Accepted
[06:43:45] CLIENT -> SERVER: MAIL FROM:<pvhoang08082004@gmail.com>
[06:43:45] SERVER -> CLIENT: 250 2.1.0 OK 5a478bee46e88-3081e91fb97sm5630567eec.14 - gsmtp
[06:43:45] CLIENT -> SERVER: RCPT TO:<tcuc041126@gmail.com>
[06:43:46] SERVER -> CLIENT: 250 2.1.5 OK 5a478bee46e88-3081e91fb97sm5630567eec.14 - gsmtp
[06:43:46] CLIENT -> SERVER: DATA
[06:43:46] SERVER -> CLIENT: 354 Go ahead 5a478bee46e88-3081e91fb97sm5630567eec.14 - gsmtp
[06:43:46] CLIENT -> SERVER: Date: Sat, 13 Jun 2026 06:43:43 +0700
[06:43:46] CLIENT -> SERVER: To: tcuc041126@gmail.com
[06:43:46] CLIENT -> SERVER: From: Elite Fitness Gym <pvhoang08082004@gmail.com>
[06:43:46] CLIENT -> SERVER: Subject: =?UTF-8?Q?[Elite_Gym]_Nh=E1=BA=AFc_nh=E1=BB=9F:_Ch=C6=B0a_=C4=91=C4=83ng_k=C3=BD_ca_t=E1=BA=ADp?=
[06:43:46] CLIENT -> SERVER: Message-ID: <Xs9l3NJQJuP4lmmha4QQ4U7RaOyg5EvMb0ILEOTtU@DESKTOP-8FL2APL>
[06:43:46] CLIENT -> SERVER: X-Mailer: PHPMailer 7.0.2 (https://github.com/PHPMailer/PHPMailer)
[06:43:46] CLIENT -> SERVER: MIME-Version: 1.0
[06:43:46] CLIENT -> SERVER: Content-Type: multipart/alternative;
[06:43:46] CLIENT -> SERVER:  boundary="b1=_Xs9l3NJQJuP4lmmha4QQ4U7RaOyg5EvMb0ILEOTtU"
[06:43:46] CLIENT -> SERVER: Content-Transfer-Encoding: 8bit
[06:43:46] CLIENT -> SERVER:
[06:43:46] CLIENT -> SERVER: --b1=_Xs9l3NJQJuP4lmmha4QQ4U7RaOyg5EvMb0ILEOTtU
[06:43:46] CLIENT -> SERVER: Content-Type: text/plain; charset=UTF-8
[06:43:46] CLIENT -> SERVER: Content-Transfer-Encoding: 8bit
[06:43:46] CLIENT -> SERVER:
[06:43:46] CLIENT -> SERVER: Hôm nay (13/06/2026) bạn chưa đăng ký ca tập nào. Hãy liên hệ lễ tân hoặc đặt lịch ngay!
[06:43:46] CLIENT -> SERVER:
[06:43:46] CLIENT -> SERVER: --b1=_Xs9l3NJQJuP4lmmha4QQ4U7RaOyg5EvMb0ILEOTtU
[06:43:46] CLIENT -> SERVER: Content-Type: text/html; charset=UTF-8
[06:43:46] CLIENT -> SERVER: Content-Transfer-Encoding: 8bit
[06:43:46] CLIENT -> SERVER:
[06:43:46] CLIENT -> SERVER:
[06:43:46] CLIENT -> SERVER:         <html>
[06:43:46] CLIENT -> SERVER:         <body style='font-family:Arial,sans-serif;background:#0a0a0a;color:#fff;padding:30px;margin:0;'>
[06:43:46] CLIENT -> SERVER:           <div style='max-width:520px;margin:auto;background:#111111;border-radius:4px;overflow:hidden;border:1px solid rgba(204,0,0,.25);'>
[06:43:46] CLIENT -> SERVER:
[06:43:46] CLIENT -> SERVER:             <!-- Header -->
[06:43:46] CLIENT -> SERVER:             <div style='background:#cc0000;padding:18px 32px;display:flex;align-items:center;gap:12px;'>
[06:43:46] CLIENT -> SERVER:               <span style='font-family:Arial,sans-serif;font-size:1.5rem;font-weight:900;color:#fff;letter-spacing:2px;text-transform:uppercase;'>ELITE GYM</span>
[06:43:46] CLIENT -> SERVER:               <span style='color:rgba(255,255,255,.6);font-size:.8rem;margin-left:auto;text-transform:uppercase;letter-spacing:1px;'>Thông báo</span>
[06:43:46] CLIENT -> SERVER:             </div>
[06:43:46] CLIENT -> SERVER:
[06:43:46] CLIENT -> SERVER:             <!-- Body -->
[06:43:46] CLIENT -> SERVER:             <div style='padding:28px 32px;'>
[06:43:46] CLIENT -> SERVER:               <p style='color:rgba(255,255,255,.6);margin:0 0 6px;font-size:.85rem;'>Xin chào,</p>
[06:43:46] CLIENT -> SERVER:               <p style='color:#fff;font-size:1rem;font-weight:700;margin:0 0 20px;'>Nguyễn Thị Thu Cúc</p>
[06:43:46] CLIENT -> SERVER:
[06:43:46] CLIENT -> SERVER:               <!-- Notification card -->
[06:43:46] CLIENT -> SERVER:               <div style='background:rgba(255,255,255,.04);border-left:3px solid #f59e0b;border-radius:2px;padding:16px 20px;margin-bottom:20px;'>
[06:43:46] CLIENT -> SERVER:                 <div style='font-size:.85rem;color:#f59e0b;font-weight:700;margin-bottom:8px;'>
[06:43:46] CLIENT -> SERVER:                   📅 Chưa đăng ký ca tập hôm nay
[06:43:46] CLIENT -> SERVER:                 </div>
[06:43:46] CLIENT -> SERVER:                 <div style='color:rgba(255,255,255,.75);font-size:.9rem;line-height:1.6;'>
[06:43:46] CLIENT -> SERVER:                   Hôm nay (13/06/2026) bạn chưa đăng ký ca tập nào. Hãy liên hệ lễ tân hoặc đặt lịch ngay!
[06:43:46] CLIENT -> SERVER:                 </div>
[06:43:46] CLIENT -> SERVER:               </div>
[06:43:46] CLIENT -> SERVER:
[06:43:46] CLIENT -> SERVER:               <div style='text-align:center;margin:24px 0 8px;'>
[06:43:46] CLIENT -> SERVER:                 <a href='http://localhost/PHP/ELite_GYM/public/'
[06:43:46] CLIENT -> SERVER:                    style='background:#cc0000;color:#fff;text-decoration:none;padding:12px 32px;border-radius:3px;font-weight:700;font-size:.9rem;letter-spacing:1px;display:inline-block;'>
[06:43:46] CLIENT -> SERVER:                   Vào trang Elite Gym
[06:43:46] CLIENT -> SERVER:                 </a>
[06:43:46] CLIENT -> SERVER:               </div>
[06:43:46] CLIENT -> SERVER:             </div>
[06:43:46] CLIENT -> SERVER:
[06:43:46] CLIENT -> SERVER:             <!-- Footer -->
[06:43:46] CLIENT -> SERVER:             <div style='padding:16px 32px;border-top:1px solid rgba(255,255,255,.08);'>
[06:43:46] CLIENT -> SERVER:               <p style='color:rgba(255,255,255,.3);font-size:.75rem;margin:0;text-align:center;'>
[06:43:46] CLIENT -> SERVER:                 © 2026 Elite Fitness Gym. Nếu bạn không muốn nhận email này, liên hệ lễ tân.
[06:43:46] CLIENT -> SERVER:               </p>
[06:43:46] CLIENT -> SERVER:             </div>
[06:43:46] CLIENT -> SERVER:           </div>
[06:43:46] CLIENT -> SERVER:         </body></html>
[06:43:46] CLIENT -> SERVER:
[06:43:46] CLIENT -> SERVER:
[06:43:46] CLIENT -> SERVER: --b1=_Xs9l3NJQJuP4lmmha4QQ4U7RaOyg5EvMb0ILEOTtU--
[06:43:46] CLIENT -> SERVER:
[06:43:46] CLIENT -> SERVER: .
[06:43:46] SERVER -> CLIENT: 250 2.0.0 OK  1781307826 5a478bee46e88-3081e91fb97sm5630567eec.14 - gsmtp
[06:43:46] CLIENT -> SERVER: QUIT
[06:43:47] SERVER -> CLIENT: 221 2.0.0 closing connection 5a478bee46e88-3081e91fb97sm5630567eec.14 - gsmtp
[06:43:47] SERVER -> CLIENT: 220 smtp.gmail.com ESMTP 5a478bee46e88-3081ea43bc7sm5255767eec.22 - gsmtp
[06:43:47] CLIENT -> SERVER: EHLO DESKTOP-8FL2APL
[06:43:47] SERVER -> CLIENT: 250-smtp.gmail.com at your service, [42.113.61.147]
250-SIZE 35882577
250-8BITMIME
250-STARTTLS
250-ENHANCEDSTATUSCODES
250-PIPELINING
250-CHUNKING
250 SMTPUTF8
[06:43:47] CLIENT -> SERVER: STARTTLS
[06:43:47] SERVER -> CLIENT: 220 2.0.0 Ready to start TLS
[06:43:47] CLIENT -> SERVER: EHLO DESKTOP-8FL2APL
[06:43:48] SERVER -> CLIENT: 250-smtp.gmail.com at your service, [42.113.61.147]
250-SIZE 35882577
250-8BITMIME
250-AUTH LOGIN PLAIN XOAUTH2 PLAIN-CLIENTTOKEN OAUTHBEARER XOAUTH
250-ENHANCEDSTATUSCODES
250-PIPELINING
250-CHUNKING
250 SMTPUTF8
[06:43:48] CLIENT -> SERVER: AUTH LOGIN
[06:43:48] SERVER -> CLIENT: 334 VXNlcm5hbWU6
[06:43:48] CLIENT -> SERVER: [credentials hidden]
[06:43:48] SERVER -> CLIENT: 334 UGFzc3dvcmQ6
[06:43:48] CLIENT -> SERVER: [credentials hidden]
[06:43:48] SERVER -> CLIENT: 235 2.7.0 Accepted
[06:43:48] CLIENT -> SERVER: MAIL FROM:<pvhoang08082004@gmail.com>
[06:43:48] SERVER -> CLIENT: 250 2.1.0 OK 5a478bee46e88-3081ea43bc7sm5255767eec.22 - gsmtp
[06:43:48] CLIENT -> SERVER: RCPT TO:<hoang080820041aa@gmail.com>
[06:43:49] SERVER -> CLIENT: 250 2.1.5 OK 5a478bee46e88-3081ea43bc7sm5255767eec.22 - gsmtp
[06:43:49] CLIENT -> SERVER: DATA
[06:43:49] SERVER -> CLIENT: 354 Go ahead 5a478bee46e88-3081ea43bc7sm5255767eec.22 - gsmtp
[06:43:49] CLIENT -> SERVER: Date: Sat, 13 Jun 2026 06:43:47 +0700
[06:43:49] CLIENT -> SERVER: To: hoang080820041aa@gmail.com
[06:43:49] CLIENT -> SERVER: From: Elite Fitness Gym <pvhoang08082004@gmail.com>
[06:43:49] CLIENT -> SERVER: Subject: =?UTF-8?Q?[Elite_Gym]_Nh=E1=BA=AFc_nh=E1=BB=9F:_Ch=C6=B0a_=C4=91=C4=83ng_k=C3=BD_ca_t=E1=BA=ADp?=
[06:43:49] CLIENT -> SERVER: Message-ID: <5ynt8w9t3YoslEGjygMGTHdNELWqff3d3LyZWV2JNME@DESKTOP-8FL2APL>
[06:43:49] CLIENT -> SERVER: X-Mailer: PHPMailer 7.0.2 (https://github.com/PHPMailer/PHPMailer)
[06:43:49] CLIENT -> SERVER: MIME-Version: 1.0
[06:43:49] CLIENT -> SERVER: Content-Type: multipart/alternative;
[06:43:49] CLIENT -> SERVER:  boundary="b1=_5ynt8w9t3YoslEGjygMGTHdNELWqff3d3LyZWV2JNME"
[06:43:49] CLIENT -> SERVER: Content-Transfer-Encoding: 8bit
[06:43:49] CLIENT -> SERVER:
[06:43:49] CLIENT -> SERVER: --b1=_5ynt8w9t3YoslEGjygMGTHdNELWqff3d3LyZWV2JNME
[06:43:49] CLIENT -> SERVER: Content-Type: text/plain; charset=UTF-8
[06:43:49] CLIENT -> SERVER: Content-Transfer-Encoding: 8bit
[06:43:49] CLIENT -> SERVER:
[06:43:49] CLIENT -> SERVER: Hôm nay (13/06/2026) bạn chưa đăng ký ca tập nào. Hãy liên hệ lễ tân hoặc đặt lịch ngay!
[06:43:49] CLIENT -> SERVER:
[06:43:49] CLIENT -> SERVER: --b1=_5ynt8w9t3YoslEGjygMGTHdNELWqff3d3LyZWV2JNME
[06:43:49] CLIENT -> SERVER: Content-Type: text/html; charset=UTF-8
[06:43:49] CLIENT -> SERVER: Content-Transfer-Encoding: 8bit
[06:43:49] CLIENT -> SERVER:
[06:43:49] CLIENT -> SERVER:
[06:43:49] CLIENT -> SERVER:         <html>
[06:43:49] CLIENT -> SERVER:         <body style='font-family:Arial,sans-serif;background:#0a0a0a;color:#fff;padding:30px;margin:0;'>
[06:43:49] CLIENT -> SERVER:           <div style='max-width:520px;margin:auto;background:#111111;border-radius:4px;overflow:hidden;border:1px solid rgba(204,0,0,.25);'>
[06:43:49] CLIENT -> SERVER:
[06:43:49] CLIENT -> SERVER:             <!-- Header -->
[06:43:49] CLIENT -> SERVER:             <div style='background:#cc0000;padding:18px 32px;display:flex;align-items:center;gap:12px;'>
[06:43:49] CLIENT -> SERVER:               <span style='font-family:Arial,sans-serif;font-size:1.5rem;font-weight:900;color:#fff;letter-spacing:2px;text-transform:uppercase;'>ELITE GYM</span>
[06:43:49] CLIENT -> SERVER:               <span style='color:rgba(255,255,255,.6);font-size:.8rem;margin-left:auto;text-transform:uppercase;letter-spacing:1px;'>Thông báo</span>
[06:43:49] CLIENT -> SERVER:             </div>
[06:43:49] CLIENT -> SERVER:
[06:43:49] CLIENT -> SERVER:             <!-- Body -->
[06:43:49] CLIENT -> SERVER:             <div style='padding:28px 32px;'>
[06:43:49] CLIENT -> SERVER:               <p style='color:rgba(255,255,255,.6);margin:0 0 6px;font-size:.85rem;'>Xin chào,</p>
[06:43:49] CLIENT -> SERVER:               <p style='color:#fff;font-size:1rem;font-weight:700;margin:0 0 20px;'>Nguyễn Thị Thu Cúc</p>
[06:43:49] CLIENT -> SERVER:
[06:43:49] CLIENT -> SERVER:               <!-- Notification card -->
[06:43:49] CLIENT -> SERVER:               <div style='background:rgba(255,255,255,.04);border-left:3px solid #f59e0b;border-radius:2px;padding:16px 20px;margin-bottom:20px;'>
[06:43:49] CLIENT -> SERVER:                 <div style='font-size:.85rem;color:#f59e0b;font-weight:700;margin-bottom:8px;'>
[06:43:49] CLIENT -> SERVER:                   📅 Chưa đăng ký ca tập hôm nay
[06:43:49] CLIENT -> SERVER:                 </div>
[06:43:49] CLIENT -> SERVER:                 <div style='color:rgba(255,255,255,.75);font-size:.9rem;line-height:1.6;'>
[06:43:49] CLIENT -> SERVER:                   Hôm nay (13/06/2026) bạn chưa đăng ký ca tập nào. Hãy liên hệ lễ tân hoặc đặt lịch ngay!
[06:43:49] CLIENT -> SERVER:                 </div>
[06:43:49] CLIENT -> SERVER:               </div>
[06:43:49] CLIENT -> SERVER:
[06:43:49] CLIENT -> SERVER:               <div style='text-align:center;margin:24px 0 8px;'>
[06:43:49] CLIENT -> SERVER:                 <a href='http://localhost/PHP/ELite_GYM/public/'
[06:43:49] CLIENT -> SERVER:                    style='background:#cc0000;color:#fff;text-decoration:none;padding:12px 32px;border-radius:3px;font-weight:700;font-size:.9rem;letter-spacing:1px;display:inline-block;'>
[06:43:49] CLIENT -> SERVER:                   Vào trang Elite Gym
[06:43:49] CLIENT -> SERVER:                 </a>
[06:43:49] CLIENT -> SERVER:               </div>
[06:43:49] CLIENT -> SERVER:             </div>
[06:43:49] CLIENT -> SERVER:
[06:43:49] CLIENT -> SERVER:             <!-- Footer -->
[06:43:49] CLIENT -> SERVER:             <div style='padding:16px 32px;border-top:1px solid rgba(255,255,255,.08);'>
[06:43:49] CLIENT -> SERVER:               <p style='color:rgba(255,255,255,.3);font-size:.75rem;margin:0;text-align:center;'>
[06:43:49] CLIENT -> SERVER:                 © 2026 Elite Fitness Gym. Nếu bạn không muốn nhận email này, liên hệ lễ tân.
[06:43:49] CLIENT -> SERVER:               </p>
[06:43:49] CLIENT -> SERVER:             </div>
[06:43:49] CLIENT -> SERVER:           </div>
[06:43:49] CLIENT -> SERVER:         </body></html>
[06:43:49] CLIENT -> SERVER:
[06:43:49] CLIENT -> SERVER:
[06:43:49] CLIENT -> SERVER: --b1=_5ynt8w9t3YoslEGjygMGTHdNELWqff3d3LyZWV2JNME--
[06:43:49] CLIENT -> SERVER:
[06:43:49] CLIENT -> SERVER: .
[06:43:50] SERVER -> CLIENT: 250 2.0.0 OK  1781307829 5a478bee46e88-3081ea43bc7sm5255767eec.22 - gsmtp
[06:43:50] CLIENT -> SERVER: QUIT
[06:43:50] SERVER -> CLIENT: 221 2.0.0 closing connection 5a478bee46e88-3081ea43bc7sm5255767eec.22 - gsmtp
[06:43:50] SERVER -> CLIENT: 220 smtp.gmail.com ESMTP 5a478bee46e88-3081eb9a2e7sm5279901eec.30 - gsmtp
[06:43:50] CLIENT -> SERVER: EHLO DESKTOP-8FL2APL
[06:43:50] SERVER -> CLIENT: 250-smtp.gmail.com at your service, [42.113.61.147]
250-SIZE 35882577
250-8BITMIME
250-STARTTLS
250-ENHANCEDSTATUSCODES
250-PIPELINING
250-CHUNKING
250 SMTPUTF8
[06:43:50] CLIENT -> SERVER: STARTTLS
[06:43:50] SERVER -> CLIENT: 220 2.0.0 Ready to start TLS
[06:43:50] CLIENT -> SERVER: EHLO DESKTOP-8FL2APL
[06:43:51] SERVER -> CLIENT: 250-smtp.gmail.com at your service, [42.113.61.147]
250-SIZE 35882577
250-8BITMIME
250-AUTH LOGIN PLAIN XOAUTH2 PLAIN-CLIENTTOKEN OAUTHBEARER XOAUTH
250-ENHANCEDSTATUSCODES
250-PIPELINING
250-CHUNKING
250 SMTPUTF8
[06:43:51] CLIENT -> SERVER: AUTH LOGIN
[06:43:51] SERVER -> CLIENT: 334 VXNlcm5hbWU6
[06:43:51] CLIENT -> SERVER: [credentials hidden]
[06:43:51] SERVER -> CLIENT: 334 UGFzc3dvcmQ6
[06:43:51] CLIENT -> SERVER: [credentials hidden]
[06:43:51] SERVER -> CLIENT: 235 2.7.0 Accepted
[06:43:51] CLIENT -> SERVER: MAIL FROM:<pvhoang08082004@gmail.com>
[06:43:52] SERVER -> CLIENT: 250 2.1.0 OK 5a478bee46e88-3081eb9a2e7sm5279901eec.30 - gsmtp
[06:43:52] CLIENT -> SERVER: RCPT TO:<20221672@eaut.edu.vn>
[06:43:52] SERVER -> CLIENT: 250 2.1.5 OK 5a478bee46e88-3081eb9a2e7sm5279901eec.30 - gsmtp
[06:43:52] CLIENT -> SERVER: DATA
[06:43:52] SERVER -> CLIENT: 354 Go ahead 5a478bee46e88-3081eb9a2e7sm5279901eec.30 - gsmtp
[06:43:52] CLIENT -> SERVER: Date: Sat, 13 Jun 2026 06:43:50 +0700
[06:43:52] CLIENT -> SERVER: To: 20221672@eaut.edu.vn
[06:43:52] CLIENT -> SERVER: From: Elite Fitness Gym <pvhoang08082004@gmail.com>
[06:43:52] CLIENT -> SERVER: Subject: =?UTF-8?Q?[Elite_Gym]_Nh=E1=BA=AFc_nh=E1=BB=9F:_Ch=C6=B0a_=C4=91=C4=83ng_k=C3=BD_ca_t=E1=BA=ADp?=
[06:43:52] CLIENT -> SERVER: Message-ID: <p9Avptf3SxTja0okDmU5Sjrcbl1mEq2pXDBflC88@DESKTOP-8FL2APL>
[06:43:52] CLIENT -> SERVER: X-Mailer: PHPMailer 7.0.2 (https://github.com/PHPMailer/PHPMailer)
[06:43:52] CLIENT -> SERVER: MIME-Version: 1.0
[06:43:52] CLIENT -> SERVER: Content-Type: multipart/alternative;
[06:43:52] CLIENT -> SERVER:  boundary="b1=_p9Avptf3SxTja0okDmU5Sjrcbl1mEq2pXDBflC88"
[06:43:52] CLIENT -> SERVER: Content-Transfer-Encoding: 8bit
[06:43:52] CLIENT -> SERVER:
[06:43:52] CLIENT -> SERVER: --b1=_p9Avptf3SxTja0okDmU5Sjrcbl1mEq2pXDBflC88
[06:43:52] CLIENT -> SERVER: Content-Type: text/plain; charset=UTF-8
[06:43:52] CLIENT -> SERVER: Content-Transfer-Encoding: 8bit
[06:43:52] CLIENT -> SERVER:
[06:43:52] CLIENT -> SERVER: Hôm nay (13/06/2026) bạn chưa đăng ký ca tập nào. Hãy liên hệ lễ tân hoặc đặt lịch ngay!
[06:43:52] CLIENT -> SERVER:
[06:43:52] CLIENT -> SERVER: --b1=_p9Avptf3SxTja0okDmU5Sjrcbl1mEq2pXDBflC88
[06:43:52] CLIENT -> SERVER: Content-Type: text/html; charset=UTF-8
[06:43:52] CLIENT -> SERVER: Content-Transfer-Encoding: 8bit
[06:43:52] CLIENT -> SERVER:
[06:43:52] CLIENT -> SERVER:
[06:43:52] CLIENT -> SERVER:         <html>
[06:43:52] CLIENT -> SERVER:         <body style='font-family:Arial,sans-serif;background:#0a0a0a;color:#fff;padding:30px;margin:0;'>
[06:43:52] CLIENT -> SERVER:           <div style='max-width:520px;margin:auto;background:#111111;border-radius:4px;overflow:hidden;border:1px solid rgba(204,0,0,.25);'>
[06:43:52] CLIENT -> SERVER:
[06:43:52] CLIENT -> SERVER:             <!-- Header -->
[06:43:52] CLIENT -> SERVER:             <div style='background:#cc0000;padding:18px 32px;display:flex;align-items:center;gap:12px;'>
[06:43:52] CLIENT -> SERVER:               <span style='font-family:Arial,sans-serif;font-size:1.5rem;font-weight:900;color:#fff;letter-spacing:2px;text-transform:uppercase;'>ELITE GYM</span>
[06:43:52] CLIENT -> SERVER:               <span style='color:rgba(255,255,255,.6);font-size:.8rem;margin-left:auto;text-transform:uppercase;letter-spacing:1px;'>Thông báo</span>
[06:43:52] CLIENT -> SERVER:             </div>
[06:43:52] CLIENT -> SERVER:
[06:43:52] CLIENT -> SERVER:             <!-- Body -->
[06:43:52] CLIENT -> SERVER:             <div style='padding:28px 32px;'>
[06:43:52] CLIENT -> SERVER:               <p style='color:rgba(255,255,255,.6);margin:0 0 6px;font-size:.85rem;'>Xin chào,</p>
[06:43:52] CLIENT -> SERVER:               <p style='color:#fff;font-size:1rem;font-weight:700;margin:0 0 20px;'>Hoàng Phạm Văn</p>
[06:43:52] CLIENT -> SERVER:
[06:43:52] CLIENT -> SERVER:               <!-- Notification card -->
[06:43:52] CLIENT -> SERVER:               <div style='background:rgba(255,255,255,.04);border-left:3px solid #f59e0b;border-radius:2px;padding:16px 20px;margin-bottom:20px;'>
[06:43:52] CLIENT -> SERVER:                 <div style='font-size:.85rem;color:#f59e0b;font-weight:700;margin-bottom:8px;'>
[06:43:52] CLIENT -> SERVER:                   📅 Chưa đăng ký ca tập hôm nay
[06:43:52] CLIENT -> SERVER:                 </div>
[06:43:52] CLIENT -> SERVER:                 <div style='color:rgba(255,255,255,.75);font-size:.9rem;line-height:1.6;'>
[06:43:52] CLIENT -> SERVER:                   Hôm nay (13/06/2026) bạn chưa đăng ký ca tập nào. Hãy liên hệ lễ tân hoặc đặt lịch ngay!
[06:43:52] CLIENT -> SERVER:                 </div>
[06:43:52] CLIENT -> SERVER:               </div>
[06:43:52] CLIENT -> SERVER:
[06:43:52] CLIENT -> SERVER:               <div style='text-align:center;margin:24px 0 8px;'>
[06:43:52] CLIENT -> SERVER:                 <a href='http://localhost/PHP/ELite_GYM/public/'
[06:43:52] CLIENT -> SERVER:                    style='background:#cc0000;color:#fff;text-decoration:none;padding:12px 32px;border-radius:3px;font-weight:700;font-size:.9rem;letter-spacing:1px;display:inline-block;'>
[06:43:52] CLIENT -> SERVER:                   Vào trang Elite Gym
[06:43:52] CLIENT -> SERVER:                 </a>
[06:43:52] CLIENT -> SERVER:               </div>
[06:43:52] CLIENT -> SERVER:             </div>
[06:43:52] CLIENT -> SERVER:
[06:43:52] CLIENT -> SERVER:             <!-- Footer -->
[06:43:52] CLIENT -> SERVER:             <div style='padding:16px 32px;border-top:1px solid rgba(255,255,255,.08);'>
[06:43:52] CLIENT -> SERVER:               <p style='color:rgba(255,255,255,.3);font-size:.75rem;margin:0;text-align:center;'>
[06:43:52] CLIENT -> SERVER:                 © 2026 Elite Fitness Gym. Nếu bạn không muốn nhận email này, liên hệ lễ tân.
[06:43:52] CLIENT -> SERVER:               </p>
[06:43:52] CLIENT -> SERVER:             </div>
[06:43:52] CLIENT -> SERVER:           </div>
[06:43:52] CLIENT -> SERVER:         </body></html>
[06:43:52] CLIENT -> SERVER:
[06:43:52] CLIENT -> SERVER:
[06:43:52] CLIENT -> SERVER: --b1=_p9Avptf3SxTja0okDmU5Sjrcbl1mEq2pXDBflC88--
[06:43:52] CLIENT -> SERVER:
[06:43:52] CLIENT -> SERVER: .
[06:43:53] SERVER -> CLIENT: 250 2.0.0 OK  1781307832 5a478bee46e88-3081eb9a2e7sm5279901eec.30 - gsmtp
[06:43:53] CLIENT -> SERVER: QUIT
[06:43:53] SERVER -> CLIENT: 221 2.0.0 closing connection 5a478bee46e88-3081eb9a2e7sm5279901eec.30 - gsmtp
[06:43:53] SERVER -> CLIENT: 220 smtp.gmail.com ESMTP 5a478bee46e88-3081e489536sm5542966eec.2 - gsmtp
[06:43:53] CLIENT -> SERVER: EHLO DESKTOP-8FL2APL
[06:43:53] SERVER -> CLIENT: 250-smtp.gmail.com at your service, [42.113.61.147]
250-SIZE 35882577
250-8BITMIME
250-STARTTLS
250-ENHANCEDSTATUSCODES
250-PIPELINING
250-CHUNKING
250 SMTPUTF8
[06:43:53] CLIENT -> SERVER: STARTTLS
[06:43:53] SERVER -> CLIENT: 220 2.0.0 Ready to start TLS
[06:43:54] CLIENT -> SERVER: EHLO DESKTOP-8FL2APL
[06:43:54] SERVER -> CLIENT: 250-smtp.gmail.com at your service, [42.113.61.147]
250-SIZE 35882577
250-8BITMIME
250-AUTH LOGIN PLAIN XOAUTH2 PLAIN-CLIENTTOKEN OAUTHBEARER XOAUTH
250-ENHANCEDSTATUSCODES
250-PIPELINING
250-CHUNKING
250 SMTPUTF8
[06:43:54] CLIENT -> SERVER: AUTH LOGIN
[06:43:54] SERVER -> CLIENT: 334 VXNlcm5hbWU6
[06:43:54] CLIENT -> SERVER: [credentials hidden]
[06:43:54] SERVER -> CLIENT: 334 UGFzc3dvcmQ6
[06:43:54] CLIENT -> SERVER: [credentials hidden]
[06:43:54] SERVER -> CLIENT: 235 2.7.0 Accepted
[06:43:54] CLIENT -> SERVER: MAIL FROM:<pvhoang08082004@gmail.com>
[06:43:55] SERVER -> CLIENT: 250 2.1.0 OK 5a478bee46e88-3081e489536sm5542966eec.2 - gsmtp
[06:43:55] CLIENT -> SERVER: RCPT TO:<pvhoang08082004@gmail.com>
[06:43:55] SERVER -> CLIENT: 250 2.1.5 OK 5a478bee46e88-3081e489536sm5542966eec.2 - gsmtp
[06:43:55] CLIENT -> SERVER: DATA
[06:43:55] SERVER -> CLIENT: 354 Go ahead 5a478bee46e88-3081e489536sm5542966eec.2 - gsmtp
[06:43:55] CLIENT -> SERVER: Date: Sat, 13 Jun 2026 06:43:53 +0700
[06:43:55] CLIENT -> SERVER: To: pvhoang08082004@gmail.com
[06:43:55] CLIENT -> SERVER: From: Elite Fitness Gym <pvhoang08082004@gmail.com>
[06:43:55] CLIENT -> SERVER: Subject: =?UTF-8?Q?[Elite_Gym]_Nh=E1=BA=AFc_nh=E1=BB=9F:_Ch=C6=B0a_=C4=91=C4=83ng_k=C3=BD_ca_t=E1=BA=ADp?=
[06:43:55] CLIENT -> SERVER: Message-ID: <cPIe5KHFWygqEx6dOGMCxyijIsfHVD9nrpH9yTA43gY@DESKTOP-8FL2APL>
[06:43:55] CLIENT -> SERVER: X-Mailer: PHPMailer 7.0.2 (https://github.com/PHPMailer/PHPMailer)
[06:43:55] CLIENT -> SERVER: MIME-Version: 1.0
[06:43:55] CLIENT -> SERVER: Content-Type: multipart/alternative;
[06:43:55] CLIENT -> SERVER:  boundary="b1=_cPIe5KHFWygqEx6dOGMCxyijIsfHVD9nrpH9yTA43gY"
[06:43:55] CLIENT -> SERVER: Content-Transfer-Encoding: 8bit
[06:43:55] CLIENT -> SERVER:
[06:43:55] CLIENT -> SERVER: --b1=_cPIe5KHFWygqEx6dOGMCxyijIsfHVD9nrpH9yTA43gY
[06:43:55] CLIENT -> SERVER: Content-Type: text/plain; charset=UTF-8
[06:43:55] CLIENT -> SERVER: Content-Transfer-Encoding: 8bit
[06:43:55] CLIENT -> SERVER:
[06:43:55] CLIENT -> SERVER: Hôm nay (13/06/2026) bạn chưa đăng ký ca tập nào. Hãy liên hệ lễ tân hoặc đặt lịch ngay!
[06:43:55] CLIENT -> SERVER:
[06:43:55] CLIENT -> SERVER: --b1=_cPIe5KHFWygqEx6dOGMCxyijIsfHVD9nrpH9yTA43gY
[06:43:55] CLIENT -> SERVER: Content-Type: text/html; charset=UTF-8
[06:43:55] CLIENT -> SERVER: Content-Transfer-Encoding: 8bit
[06:43:55] CLIENT -> SERVER:
[06:43:55] CLIENT -> SERVER:
[06:43:55] CLIENT -> SERVER:         <html>
[06:43:55] CLIENT -> SERVER:         <body style='font-family:Arial,sans-serif;background:#0a0a0a;color:#fff;padding:30px;margin:0;'>
[06:43:55] CLIENT -> SERVER:           <div style='max-width:520px;margin:auto;background:#111111;border-radius:4px;overflow:hidden;border:1px solid rgba(204,0,0,.25);'>
[06:43:55] CLIENT -> SERVER:
[06:43:55] CLIENT -> SERVER:             <!-- Header -->
[06:43:55] CLIENT -> SERVER:             <div style='background:#cc0000;padding:18px 32px;display:flex;align-items:center;gap:12px;'>
[06:43:55] CLIENT -> SERVER:               <span style='font-family:Arial,sans-serif;font-size:1.5rem;font-weight:900;color:#fff;letter-spacing:2px;text-transform:uppercase;'>ELITE GYM</span>
[06:43:55] CLIENT -> SERVER:               <span style='color:rgba(255,255,255,.6);font-size:.8rem;margin-left:auto;text-transform:uppercase;letter-spacing:1px;'>Thông báo</span>
[06:43:55] CLIENT -> SERVER:             </div>
[06:43:55] CLIENT -> SERVER:
[06:43:55] CLIENT -> SERVER:             <!-- Body -->
[06:43:55] CLIENT -> SERVER:             <div style='padding:28px 32px;'>
[06:43:55] CLIENT -> SERVER:               <p style='color:rgba(255,255,255,.6);margin:0 0 6px;font-size:.85rem;'>Xin chào,</p>
[06:43:55] CLIENT -> SERVER:               <p style='color:#fff;font-size:1rem;font-weight:700;margin:0 0 20px;'>Phạm Văn Hoàng</p>
[06:43:55] CLIENT -> SERVER:
[06:43:55] CLIENT -> SERVER:               <!-- Notification card -->
[06:43:55] CLIENT -> SERVER:               <div style='background:rgba(255,255,255,.04);border-left:3px solid #f59e0b;border-radius:2px;padding:16px 20px;margin-bottom:20px;'>
[06:43:55] CLIENT -> SERVER:                 <div style='font-size:.85rem;color:#f59e0b;font-weight:700;margin-bottom:8px;'>
[06:43:55] CLIENT -> SERVER:                   📅 Chưa đăng ký ca tập hôm nay
[06:43:55] CLIENT -> SERVER:                 </div>
[06:43:55] CLIENT -> SERVER:                 <div style='color:rgba(255,255,255,.75);font-size:.9rem;line-height:1.6;'>
[06:43:55] CLIENT -> SERVER:                   Hôm nay (13/06/2026) bạn chưa đăng ký ca tập nào. Hãy liên hệ lễ tân hoặc đặt lịch ngay!
[06:43:55] CLIENT -> SERVER:                 </div>
[06:43:55] CLIENT -> SERVER:               </div>
[06:43:55] CLIENT -> SERVER:
[06:43:55] CLIENT -> SERVER:               <div style='text-align:center;margin:24px 0 8px;'>
[06:43:55] CLIENT -> SERVER:                 <a href='http://localhost/PHP/ELite_GYM/public/'
[06:43:55] CLIENT -> SERVER:                    style='background:#cc0000;color:#fff;text-decoration:none;padding:12px 32px;border-radius:3px;font-weight:700;font-size:.9rem;letter-spacing:1px;display:inline-block;'>
[06:43:55] CLIENT -> SERVER:                   Vào trang Elite Gym
[06:43:55] CLIENT -> SERVER:                 </a>
[06:43:55] CLIENT -> SERVER:               </div>
[06:43:55] CLIENT -> SERVER:             </div>
[06:43:55] CLIENT -> SERVER:
[06:43:55] CLIENT -> SERVER:             <!-- Footer -->
[06:43:55] CLIENT -> SERVER:             <div style='padding:16px 32px;border-top:1px solid rgba(255,255,255,.08);'>
[06:43:55] CLIENT -> SERVER:               <p style='color:rgba(255,255,255,.3);font-size:.75rem;margin:0;text-align:center;'>
[06:43:55] CLIENT -> SERVER:                 © 2026 Elite Fitness Gym. Nếu bạn không muốn nhận email này, liên hệ lễ tân.
[06:43:55] CLIENT -> SERVER:               </p>
[06:43:55] CLIENT -> SERVER:             </div>
[06:43:55] CLIENT -> SERVER:           </div>
[06:43:55] CLIENT -> SERVER:         </body></html>
[06:43:55] CLIENT -> SERVER:
[06:43:55] CLIENT -> SERVER:
[06:43:55] CLIENT -> SERVER: --b1=_cPIe5KHFWygqEx6dOGMCxyijIsfHVD9nrpH9yTA43gY--
[06:43:55] CLIENT -> SERVER:
[06:43:55] CLIENT -> SERVER: .
[06:43:56] SERVER -> CLIENT: 250 2.0.0 OK  1781307835 5a478bee46e88-3081e489536sm5542966eec.2 - gsmtp
[06:43:56] CLIENT -> SERVER: QUIT
[06:43:56] SERVER -> CLIENT: 221 2.0.0 closing connection 5a478bee46e88-3081e489536sm5542966eec.2 - gsmtp
[06:43:41] SERVER -> CLIENT: 220 smtp.gmail.com ESMTP d9443c01a7336-2c42f2e5590sm66563235ad.14 - gsmtp
[06:43:41] CLIENT -> SERVER: EHLO DESKTOP-8FL2APL
[06:43:41] SERVER -> CLIENT: 250-smtp.gmail.com at your service, [42.113.61.147]
250-SIZE 35882577
250-8BITMIME
250-STARTTLS
250-ENHANCEDSTATUSCODES
250-PIPELINING
250-CHUNKING
250 SMTPUTF8
[06:43:41] CLIENT -> SERVER: STARTTLS
[06:43:41] SERVER -> CLIENT: 220 2.0.0 Ready to start TLS
[06:43:41] CLIENT -> SERVER: EHLO DESKTOP-8FL2APL
[06:43:42] SERVER -> CLIENT: 250-smtp.gmail.com at your service, [42.113.61.147]
250-SIZE 35882577
250-8BITMIME
250-AUTH LOGIN PLAIN XOAUTH2 PLAIN-CLIENTTOKEN OAUTHBEARER XOAUTH
250-ENHANCEDSTATUSCODES
250-PIPELINING
250-CHUNKING
250 SMTPUTF8
[06:43:42] CLIENT -> SERVER: AUTH LOGIN
[06:43:42] SERVER -> CLIENT: 334 VXNlcm5hbWU6
[06:43:42] CLIENT -> SERVER: [credentials hidden]
[06:43:42] SERVER -> CLIENT: 334 UGFzc3dvcmQ6
[06:43:42] CLIENT -> SERVER: [credentials hidden]
[06:43:42] SERVER -> CLIENT: 235 2.7.0 Accepted
[06:43:42] CLIENT -> SERVER: MAIL FROM:<pvhoang08082004@gmail.com>
[06:43:42] SERVER -> CLIENT: 250 2.1.0 OK d9443c01a7336-2c42f2e5590sm66563235ad.14 - gsmtp
[06:43:42] CLIENT -> SERVER: RCPT TO:<pvhoang08082004@gmail.com>
[06:43:43] SERVER -> CLIENT: 250 2.1.5 OK d9443c01a7336-2c42f2e5590sm66563235ad.14 - gsmtp
[06:43:43] CLIENT -> SERVER: DATA
[06:43:43] SERVER -> CLIENT: 354 Go ahead d9443c01a7336-2c42f2e5590sm66563235ad.14 - gsmtp
[06:43:43] CLIENT -> SERVER: Date: Sun, 14 Jun 2026 06:43:40 +0700
[06:43:43] CLIENT -> SERVER: To: pvhoang08082004@gmail.com
[06:43:43] CLIENT -> SERVER: From: Elite Fitness Gym <pvhoang08082004@gmail.com>
[06:43:43] CLIENT -> SERVER: Subject: =?UTF-8?Q?[Elite_Gym]_Nh=E1=BA=AFc_nh=E1=BB=9F:_Ch=C6=B0a_=C4=91=C4=83ng_k=C3=BD_ca_t=E1=BA=ADp?=
[06:43:43] CLIENT -> SERVER: Message-ID: <FDmCqRgUVOJl8nz25dOXUaCTgwBuoP4mPSYPKnLEo0@DESKTOP-8FL2APL>
[06:43:43] CLIENT -> SERVER: X-Mailer: PHPMailer 7.0.2 (https://github.com/PHPMailer/PHPMailer)
[06:43:43] CLIENT -> SERVER: MIME-Version: 1.0
[06:43:43] CLIENT -> SERVER: Content-Type: multipart/alternative;
[06:43:43] CLIENT -> SERVER:  boundary="b1=_FDmCqRgUVOJl8nz25dOXUaCTgwBuoP4mPSYPKnLEo0"
[06:43:43] CLIENT -> SERVER: Content-Transfer-Encoding: 8bit
[06:43:43] CLIENT -> SERVER:
[06:43:43] CLIENT -> SERVER: --b1=_FDmCqRgUVOJl8nz25dOXUaCTgwBuoP4mPSYPKnLEo0
[06:43:43] CLIENT -> SERVER: Content-Type: text/plain; charset=UTF-8
[06:43:43] CLIENT -> SERVER: Content-Transfer-Encoding: 8bit
[06:43:43] CLIENT -> SERVER:
[06:43:43] CLIENT -> SERVER: Hôm nay (14/06/2026) bạn chưa đăng ký ca tập nào. Hãy liên hệ lễ tân hoặc đặt lịch ngay!
[06:43:43] CLIENT -> SERVER:
[06:43:43] CLIENT -> SERVER: --b1=_FDmCqRgUVOJl8nz25dOXUaCTgwBuoP4mPSYPKnLEo0
[06:43:43] CLIENT -> SERVER: Content-Type: text/html; charset=UTF-8
[06:43:43] CLIENT -> SERVER: Content-Transfer-Encoding: 8bit
[06:43:43] CLIENT -> SERVER:
[06:43:43] CLIENT -> SERVER:
[06:43:43] CLIENT -> SERVER:         <html>
[06:43:43] CLIENT -> SERVER:         <body style='font-family:Arial,sans-serif;background:#0a0a0a;color:#fff;padding:30px;margin:0;'>
[06:43:43] CLIENT -> SERVER:           <div style='max-width:520px;margin:auto;background:#111111;border-radius:4px;overflow:hidden;border:1px solid rgba(204,0,0,.25);'>
[06:43:43] CLIENT -> SERVER:
[06:43:43] CLIENT -> SERVER:             <!-- Header -->
[06:43:43] CLIENT -> SERVER:             <div style='background:#cc0000;padding:18px 32px;display:flex;align-items:center;gap:12px;'>
[06:43:43] CLIENT -> SERVER:               <span style='font-family:Arial,sans-serif;font-size:1.5rem;font-weight:900;color:#fff;letter-spacing:2px;text-transform:uppercase;'>ELITE GYM</span>
[06:43:43] CLIENT -> SERVER:               <span style='color:rgba(255,255,255,.6);font-size:.8rem;margin-left:auto;text-transform:uppercase;letter-spacing:1px;'>Thông báo</span>
[06:43:43] CLIENT -> SERVER:             </div>
[06:43:43] CLIENT -> SERVER:
[06:43:43] CLIENT -> SERVER:             <!-- Body -->
[06:43:43] CLIENT -> SERVER:             <div style='padding:28px 32px;'>
[06:43:43] CLIENT -> SERVER:               <p style='color:rgba(255,255,255,.6);margin:0 0 6px;font-size:.85rem;'>Xin chào,</p>
[06:43:43] CLIENT -> SERVER:               <p style='color:#fff;font-size:1rem;font-weight:700;margin:0 0 20px;'>Hoàng Phạm Văn</p>
[06:43:43] CLIENT -> SERVER:
[06:43:43] CLIENT -> SERVER:               <!-- Notification card -->
[06:43:43] CLIENT -> SERVER:               <div style='background:rgba(255,255,255,.04);border-left:3px solid #f59e0b;border-radius:2px;padding:16px 20px;margin-bottom:20px;'>
[06:43:43] CLIENT -> SERVER:                 <div style='font-size:.85rem;color:#f59e0b;font-weight:700;margin-bottom:8px;'>
[06:43:43] CLIENT -> SERVER:                   📅 Chưa đăng ký ca tập hôm nay
[06:43:43] CLIENT -> SERVER:                 </div>
[06:43:43] CLIENT -> SERVER:                 <div style='color:rgba(255,255,255,.75);font-size:.9rem;line-height:1.6;'>
[06:43:43] CLIENT -> SERVER:                   Hôm nay (14/06/2026) bạn chưa đăng ký ca tập nào. Hãy liên hệ lễ tân hoặc đặt lịch ngay!
[06:43:43] CLIENT -> SERVER:                 </div>
[06:43:43] CLIENT -> SERVER:               </div>
[06:43:43] CLIENT -> SERVER:
[06:43:43] CLIENT -> SERVER:               <div style='text-align:center;margin:24px 0 8px;'>
[06:43:43] CLIENT -> SERVER:                 <a href='http://localhost/PHP/ELite_GYM/public/'
[06:43:43] CLIENT -> SERVER:                    style='background:#cc0000;color:#fff;text-decoration:none;padding:12px 32px;border-radius:3px;font-weight:700;font-size:.9rem;letter-spacing:1px;display:inline-block;'>
[06:43:43] CLIENT -> SERVER:                   Vào trang Elite Gym
[06:43:43] CLIENT -> SERVER:                 </a>
[06:43:43] CLIENT -> SERVER:               </div>
[06:43:43] CLIENT -> SERVER:             </div>
[06:43:43] CLIENT -> SERVER:
[06:43:43] CLIENT -> SERVER:             <!-- Footer -->
[06:43:43] CLIENT -> SERVER:             <div style='padding:16px 32px;border-top:1px solid rgba(255,255,255,.08);'>
[06:43:43] CLIENT -> SERVER:               <p style='color:rgba(255,255,255,.3);font-size:.75rem;margin:0;text-align:center;'>
[06:43:43] CLIENT -> SERVER:                 © 2026 Elite Fitness Gym. Nếu bạn không muốn nhận email này, liên hệ lễ tân.
[06:43:43] CLIENT -> SERVER:               </p>
[06:43:43] CLIENT -> SERVER:             </div>
[06:43:43] CLIENT -> SERVER:           </div>
[06:43:43] CLIENT -> SERVER:         </body></html>
[06:43:43] CLIENT -> SERVER:
[06:43:43] CLIENT -> SERVER:
[06:43:43] CLIENT -> SERVER: --b1=_FDmCqRgUVOJl8nz25dOXUaCTgwBuoP4mPSYPKnLEo0--
[06:43:43] CLIENT -> SERVER:
[06:43:43] CLIENT -> SERVER: .
[06:43:44] SERVER -> CLIENT: 250 2.0.0 OK  1781394223 d9443c01a7336-2c42f2e5590sm66563235ad.14 - gsmtp
[06:43:44] CLIENT -> SERVER: QUIT
[06:43:44] SERVER -> CLIENT: 221 2.0.0 closing connection d9443c01a7336-2c42f2e5590sm66563235ad.14 - gsmtp
[06:43:45] SERVER -> CLIENT: 220 smtp.gmail.com ESMTP d2e1a72fcca58-8434b00d4f5sm5770829b3a.43 - gsmtp
[06:43:45] CLIENT -> SERVER: EHLO DESKTOP-8FL2APL
[06:43:45] SERVER -> CLIENT: 250-smtp.gmail.com at your service, [42.113.61.147]
250-SIZE 35882577
250-8BITMIME
250-STARTTLS
250-ENHANCEDSTATUSCODES
250-PIPELINING
250-CHUNKING
250 SMTPUTF8
[06:43:45] CLIENT -> SERVER: STARTTLS
[06:43:45] SERVER -> CLIENT: 220 2.0.0 Ready to start TLS
[06:43:45] CLIENT -> SERVER: EHLO DESKTOP-8FL2APL
[06:43:45] SERVER -> CLIENT: 250-smtp.gmail.com at your service, [42.113.61.147]
250-SIZE 35882577
250-8BITMIME
250-AUTH LOGIN PLAIN XOAUTH2 PLAIN-CLIENTTOKEN OAUTHBEARER XOAUTH
250-ENHANCEDSTATUSCODES
250-PIPELINING
250-CHUNKING
250 SMTPUTF8
[06:43:45] CLIENT -> SERVER: AUTH LOGIN
[06:43:45] SERVER -> CLIENT: 334 VXNlcm5hbWU6
[06:43:45] CLIENT -> SERVER: [credentials hidden]
[06:43:46] SERVER -> CLIENT: 334 UGFzc3dvcmQ6
[06:43:46] CLIENT -> SERVER: [credentials hidden]
[06:43:46] SERVER -> CLIENT: 235 2.7.0 Accepted
[06:43:46] CLIENT -> SERVER: MAIL FROM:<pvhoang08082004@gmail.com>
[06:43:46] SERVER -> CLIENT: 250 2.1.0 OK d2e1a72fcca58-8434b00d4f5sm5770829b3a.43 - gsmtp
[06:43:46] CLIENT -> SERVER: RCPT TO:<tcuc041126@gmail.com>
[06:43:46] SERVER -> CLIENT: 250 2.1.5 OK d2e1a72fcca58-8434b00d4f5sm5770829b3a.43 - gsmtp
[06:43:46] CLIENT -> SERVER: DATA
[06:43:46] SERVER -> CLIENT: 354 Go ahead d2e1a72fcca58-8434b00d4f5sm5770829b3a.43 - gsmtp
[06:43:46] CLIENT -> SERVER: Date: Sun, 14 Jun 2026 06:43:44 +0700
[06:43:46] CLIENT -> SERVER: To: tcuc041126@gmail.com
[06:43:46] CLIENT -> SERVER: From: Elite Fitness Gym <pvhoang08082004@gmail.com>
[06:43:46] CLIENT -> SERVER: Subject: =?UTF-8?Q?[Elite_Gym]_Nh=E1=BA=AFc_nh=E1=BB=9F:_Ch=C6=B0a_=C4=91=C4=83ng_k=C3=BD_ca_t=E1=BA=ADp?=
[06:43:46] CLIENT -> SERVER: Message-ID: <uqD3DXIHhUDU6EvqTX6iAg1vBuvr95ME2S6mRVTPc@DESKTOP-8FL2APL>
[06:43:46] CLIENT -> SERVER: X-Mailer: PHPMailer 7.0.2 (https://github.com/PHPMailer/PHPMailer)
[06:43:46] CLIENT -> SERVER: MIME-Version: 1.0
[06:43:46] CLIENT -> SERVER: Content-Type: multipart/alternative;
[06:43:46] CLIENT -> SERVER:  boundary="b1=_uqD3DXIHhUDU6EvqTX6iAg1vBuvr95ME2S6mRVTPc"
[06:43:46] CLIENT -> SERVER: Content-Transfer-Encoding: 8bit
[06:43:46] CLIENT -> SERVER:
[06:43:46] CLIENT -> SERVER: --b1=_uqD3DXIHhUDU6EvqTX6iAg1vBuvr95ME2S6mRVTPc
[06:43:46] CLIENT -> SERVER: Content-Type: text/plain; charset=UTF-8
[06:43:46] CLIENT -> SERVER: Content-Transfer-Encoding: 8bit
[06:43:46] CLIENT -> SERVER:
[06:43:46] CLIENT -> SERVER: Hôm nay (14/06/2026) bạn chưa đăng ký ca tập nào. Hãy liên hệ lễ tân hoặc đặt lịch ngay!
[06:43:46] CLIENT -> SERVER:
[06:43:46] CLIENT -> SERVER: --b1=_uqD3DXIHhUDU6EvqTX6iAg1vBuvr95ME2S6mRVTPc
[06:43:46] CLIENT -> SERVER: Content-Type: text/html; charset=UTF-8
[06:43:46] CLIENT -> SERVER: Content-Transfer-Encoding: 8bit
[06:43:46] CLIENT -> SERVER:
[06:43:46] CLIENT -> SERVER:
[06:43:46] CLIENT -> SERVER:         <html>
[06:43:46] CLIENT -> SERVER:         <body style='font-family:Arial,sans-serif;background:#0a0a0a;color:#fff;padding:30px;margin:0;'>
[06:43:46] CLIENT -> SERVER:           <div style='max-width:520px;margin:auto;background:#111111;border-radius:4px;overflow:hidden;border:1px solid rgba(204,0,0,.25);'>
[06:43:46] CLIENT -> SERVER:
[06:43:46] CLIENT -> SERVER:             <!-- Header -->
[06:43:46] CLIENT -> SERVER:             <div style='background:#cc0000;padding:18px 32px;display:flex;align-items:center;gap:12px;'>
[06:43:46] CLIENT -> SERVER:               <span style='font-family:Arial,sans-serif;font-size:1.5rem;font-weight:900;color:#fff;letter-spacing:2px;text-transform:uppercase;'>ELITE GYM</span>
[06:43:46] CLIENT -> SERVER:               <span style='color:rgba(255,255,255,.6);font-size:.8rem;margin-left:auto;text-transform:uppercase;letter-spacing:1px;'>Thông báo</span>
[06:43:46] CLIENT -> SERVER:             </div>
[06:43:46] CLIENT -> SERVER:
[06:43:46] CLIENT -> SERVER:             <!-- Body -->
[06:43:46] CLIENT -> SERVER:             <div style='padding:28px 32px;'>
[06:43:46] CLIENT -> SERVER:               <p style='color:rgba(255,255,255,.6);margin:0 0 6px;font-size:.85rem;'>Xin chào,</p>
[06:43:46] CLIENT -> SERVER:               <p style='color:#fff;font-size:1rem;font-weight:700;margin:0 0 20px;'>Nguyễn Thị Thu Cúc</p>
[06:43:46] CLIENT -> SERVER:
[06:43:46] CLIENT -> SERVER:               <!-- Notification card -->
[06:43:46] CLIENT -> SERVER:               <div style='background:rgba(255,255,255,.04);border-left:3px solid #f59e0b;border-radius:2px;padding:16px 20px;margin-bottom:20px;'>
[06:43:46] CLIENT -> SERVER:                 <div style='font-size:.85rem;color:#f59e0b;font-weight:700;margin-bottom:8px;'>
[06:43:46] CLIENT -> SERVER:                   📅 Chưa đăng ký ca tập hôm nay
[06:43:46] CLIENT -> SERVER:                 </div>
[06:43:46] CLIENT -> SERVER:                 <div style='color:rgba(255,255,255,.75);font-size:.9rem;line-height:1.6;'>
[06:43:46] CLIENT -> SERVER:                   Hôm nay (14/06/2026) bạn chưa đăng ký ca tập nào. Hãy liên hệ lễ tân hoặc đặt lịch ngay!
[06:43:46] CLIENT -> SERVER:                 </div>
[06:43:46] CLIENT -> SERVER:               </div>
[06:43:46] CLIENT -> SERVER:
[06:43:46] CLIENT -> SERVER:               <div style='text-align:center;margin:24px 0 8px;'>
[06:43:46] CLIENT -> SERVER:                 <a href='http://localhost/PHP/ELite_GYM/public/'
[06:43:46] CLIENT -> SERVER:                    style='background:#cc0000;color:#fff;text-decoration:none;padding:12px 32px;border-radius:3px;font-weight:700;font-size:.9rem;letter-spacing:1px;display:inline-block;'>
[06:43:46] CLIENT -> SERVER:                   Vào trang Elite Gym
[06:43:46] CLIENT -> SERVER:                 </a>
[06:43:46] CLIENT -> SERVER:               </div>
[06:43:46] CLIENT -> SERVER:             </div>
[06:43:46] CLIENT -> SERVER:
[06:43:46] CLIENT -> SERVER:             <!-- Footer -->
[06:43:46] CLIENT -> SERVER:             <div style='padding:16px 32px;border-top:1px solid rgba(255,255,255,.08);'>
[06:43:46] CLIENT -> SERVER:               <p style='color:rgba(255,255,255,.3);font-size:.75rem;margin:0;text-align:center;'>
[06:43:46] CLIENT -> SERVER:                 © 2026 Elite Fitness Gym. Nếu bạn không muốn nhận email này, liên hệ lễ tân.
[06:43:46] CLIENT -> SERVER:               </p>
[06:43:46] CLIENT -> SERVER:             </div>
[06:43:46] CLIENT -> SERVER:           </div>
[06:43:46] CLIENT -> SERVER:         </body></html>
[06:43:46] CLIENT -> SERVER:
[06:43:46] CLIENT -> SERVER:
[06:43:46] CLIENT -> SERVER: --b1=_uqD3DXIHhUDU6EvqTX6iAg1vBuvr95ME2S6mRVTPc--
[06:43:46] CLIENT -> SERVER:
[06:43:46] CLIENT -> SERVER: .
[06:43:48] SERVER -> CLIENT: 250 2.0.0 OK  1781394227 d2e1a72fcca58-8434b00d4f5sm5770829b3a.43 - gsmtp
[06:43:48] CLIENT -> SERVER: QUIT
[06:43:48] SERVER -> CLIENT: 221 2.0.0 closing connection d2e1a72fcca58-8434b00d4f5sm5770829b3a.43 - gsmtp
[06:43:48] SERVER -> CLIENT: 220 smtp.gmail.com ESMTP d2e1a72fcca58-8434b05d7d7sm6180574b3a.60 - gsmtp
[06:43:48] CLIENT -> SERVER: EHLO DESKTOP-8FL2APL
[06:43:49] SERVER -> CLIENT: 250-smtp.gmail.com at your service, [42.113.61.147]
250-SIZE 35882577
250-8BITMIME
250-STARTTLS
250-ENHANCEDSTATUSCODES
250-PIPELINING
250-CHUNKING
250 SMTPUTF8
[06:43:49] CLIENT -> SERVER: STARTTLS
[06:43:49] SERVER -> CLIENT: 220 2.0.0 Ready to start TLS
[06:43:49] CLIENT -> SERVER: EHLO DESKTOP-8FL2APL
[06:43:49] SERVER -> CLIENT: 250-smtp.gmail.com at your service, [42.113.61.147]
250-SIZE 35882577
250-8BITMIME
250-AUTH LOGIN PLAIN XOAUTH2 PLAIN-CLIENTTOKEN OAUTHBEARER XOAUTH
250-ENHANCEDSTATUSCODES
250-PIPELINING
250-CHUNKING
250 SMTPUTF8
[06:43:49] CLIENT -> SERVER: AUTH LOGIN
[06:43:49] SERVER -> CLIENT: 334 VXNlcm5hbWU6
[06:43:49] CLIENT -> SERVER: [credentials hidden]
[06:43:49] SERVER -> CLIENT: 334 UGFzc3dvcmQ6
[06:43:49] CLIENT -> SERVER: [credentials hidden]
[06:43:50] SERVER -> CLIENT: 235 2.7.0 Accepted
[06:43:50] CLIENT -> SERVER: MAIL FROM:<pvhoang08082004@gmail.com>
[06:43:50] SERVER -> CLIENT: 250 2.1.0 OK d2e1a72fcca58-8434b05d7d7sm6180574b3a.60 - gsmtp
[06:43:50] CLIENT -> SERVER: RCPT TO:<hoang080820041aa@gmail.com>
[06:43:50] SERVER -> CLIENT: 250 2.1.5 OK d2e1a72fcca58-8434b05d7d7sm6180574b3a.60 - gsmtp
[06:43:50] CLIENT -> SERVER: DATA
[06:43:51] SERVER -> CLIENT: 354 Go ahead d2e1a72fcca58-8434b05d7d7sm6180574b3a.60 - gsmtp
[06:43:51] CLIENT -> SERVER: Date: Sun, 14 Jun 2026 06:43:48 +0700
[06:43:51] CLIENT -> SERVER: To: hoang080820041aa@gmail.com
[06:43:51] CLIENT -> SERVER: From: Elite Fitness Gym <pvhoang08082004@gmail.com>
[06:43:51] CLIENT -> SERVER: Subject: =?UTF-8?Q?[Elite_Gym]_Nh=E1=BA=AFc_nh=E1=BB=9F:_Ch=C6=B0a_=C4=91=C4=83ng_k=C3=BD_ca_t=E1=BA=ADp?=
[06:43:51] CLIENT -> SERVER: Message-ID: <hYnRExhg4zlIKj9gnLx3gRkMNiD5Ojl0qyJCINj80@DESKTOP-8FL2APL>
[06:43:51] CLIENT -> SERVER: X-Mailer: PHPMailer 7.0.2 (https://github.com/PHPMailer/PHPMailer)
[06:43:51] CLIENT -> SERVER: MIME-Version: 1.0
[06:43:51] CLIENT -> SERVER: Content-Type: multipart/alternative;
[06:43:51] CLIENT -> SERVER:  boundary="b1=_hYnRExhg4zlIKj9gnLx3gRkMNiD5Ojl0qyJCINj80"
[06:43:51] CLIENT -> SERVER: Content-Transfer-Encoding: 8bit
[06:43:51] CLIENT -> SERVER:
[06:43:51] CLIENT -> SERVER: --b1=_hYnRExhg4zlIKj9gnLx3gRkMNiD5Ojl0qyJCINj80
[06:43:51] CLIENT -> SERVER: Content-Type: text/plain; charset=UTF-8
[06:43:51] CLIENT -> SERVER: Content-Transfer-Encoding: 8bit
[06:43:51] CLIENT -> SERVER:
[06:43:51] CLIENT -> SERVER: Hôm nay (14/06/2026) bạn chưa đăng ký ca tập nào. Hãy liên hệ lễ tân hoặc đặt lịch ngay!
[06:43:51] CLIENT -> SERVER:
[06:43:51] CLIENT -> SERVER: --b1=_hYnRExhg4zlIKj9gnLx3gRkMNiD5Ojl0qyJCINj80
[06:43:51] CLIENT -> SERVER: Content-Type: text/html; charset=UTF-8
[06:43:51] CLIENT -> SERVER: Content-Transfer-Encoding: 8bit
[06:43:51] CLIENT -> SERVER:
[06:43:51] CLIENT -> SERVER:
[06:43:51] CLIENT -> SERVER:         <html>
[06:43:51] CLIENT -> SERVER:         <body style='font-family:Arial,sans-serif;background:#0a0a0a;color:#fff;padding:30px;margin:0;'>
[06:43:51] CLIENT -> SERVER:           <div style='max-width:520px;margin:auto;background:#111111;border-radius:4px;overflow:hidden;border:1px solid rgba(204,0,0,.25);'>
[06:43:51] CLIENT -> SERVER:
[06:43:51] CLIENT -> SERVER:             <!-- Header -->
[06:43:51] CLIENT -> SERVER:             <div style='background:#cc0000;padding:18px 32px;display:flex;align-items:center;gap:12px;'>
[06:43:51] CLIENT -> SERVER:               <span style='font-family:Arial,sans-serif;font-size:1.5rem;font-weight:900;color:#fff;letter-spacing:2px;text-transform:uppercase;'>ELITE GYM</span>
[06:43:51] CLIENT -> SERVER:               <span style='color:rgba(255,255,255,.6);font-size:.8rem;margin-left:auto;text-transform:uppercase;letter-spacing:1px;'>Thông báo</span>
[06:43:51] CLIENT -> SERVER:             </div>
[06:43:51] CLIENT -> SERVER:
[06:43:51] CLIENT -> SERVER:             <!-- Body -->
[06:43:51] CLIENT -> SERVER:             <div style='padding:28px 32px;'>
[06:43:51] CLIENT -> SERVER:               <p style='color:rgba(255,255,255,.6);margin:0 0 6px;font-size:.85rem;'>Xin chào,</p>
[06:43:51] CLIENT -> SERVER:               <p style='color:#fff;font-size:1rem;font-weight:700;margin:0 0 20px;'>Nguyễn Thị Thu Cúc</p>
[06:43:51] CLIENT -> SERVER:
[06:43:51] CLIENT -> SERVER:               <!-- Notification card -->
[06:43:51] CLIENT -> SERVER:               <div style='background:rgba(255,255,255,.04);border-left:3px solid #f59e0b;border-radius:2px;padding:16px 20px;margin-bottom:20px;'>
[06:43:51] CLIENT -> SERVER:                 <div style='font-size:.85rem;color:#f59e0b;font-weight:700;margin-bottom:8px;'>
[06:43:51] CLIENT -> SERVER:                   📅 Chưa đăng ký ca tập hôm nay
[06:43:51] CLIENT -> SERVER:                 </div>
[06:43:51] CLIENT -> SERVER:                 <div style='color:rgba(255,255,255,.75);font-size:.9rem;line-height:1.6;'>
[06:43:51] CLIENT -> SERVER:                   Hôm nay (14/06/2026) bạn chưa đăng ký ca tập nào. Hãy liên hệ lễ tân hoặc đặt lịch ngay!
[06:43:51] CLIENT -> SERVER:                 </div>
[06:43:51] CLIENT -> SERVER:               </div>
[06:43:51] CLIENT -> SERVER:
[06:43:51] CLIENT -> SERVER:               <div style='text-align:center;margin:24px 0 8px;'>
[06:43:51] CLIENT -> SERVER:                 <a href='http://localhost/PHP/ELite_GYM/public/'
[06:43:51] CLIENT -> SERVER:                    style='background:#cc0000;color:#fff;text-decoration:none;padding:12px 32px;border-radius:3px;font-weight:700;font-size:.9rem;letter-spacing:1px;display:inline-block;'>
[06:43:51] CLIENT -> SERVER:                   Vào trang Elite Gym
[06:43:51] CLIENT -> SERVER:                 </a>
[06:43:51] CLIENT -> SERVER:               </div>
[06:43:51] CLIENT -> SERVER:             </div>
[06:43:51] CLIENT -> SERVER:
[06:43:51] CLIENT -> SERVER:             <!-- Footer -->
[06:43:51] CLIENT -> SERVER:             <div style='padding:16px 32px;border-top:1px solid rgba(255,255,255,.08);'>
[06:43:51] CLIENT -> SERVER:               <p style='color:rgba(255,255,255,.3);font-size:.75rem;margin:0;text-align:center;'>
[06:43:51] CLIENT -> SERVER:                 © 2026 Elite Fitness Gym. Nếu bạn không muốn nhận email này, liên hệ lễ tân.
[06:43:51] CLIENT -> SERVER:               </p>
[06:43:51] CLIENT -> SERVER:             </div>
[06:43:51] CLIENT -> SERVER:           </div>
[06:43:51] CLIENT -> SERVER:         </body></html>
[06:43:51] CLIENT -> SERVER:
[06:43:51] CLIENT -> SERVER:
[06:43:51] CLIENT -> SERVER: --b1=_hYnRExhg4zlIKj9gnLx3gRkMNiD5Ojl0qyJCINj80--
[06:43:51] CLIENT -> SERVER:
[06:43:51] CLIENT -> SERVER: .
[06:43:51] SERVER -> CLIENT: 250 2.0.0 OK  1781394231 d2e1a72fcca58-8434b05d7d7sm6180574b3a.60 - gsmtp
[06:43:51] CLIENT -> SERVER: QUIT
[06:43:52] SERVER -> CLIENT: 221 2.0.0 closing connection d2e1a72fcca58-8434b05d7d7sm6180574b3a.60 - gsmtp
[06:43:52] SERVER -> CLIENT: 220 smtp.gmail.com ESMTP d2e1a72fcca58-8434b011288sm5377633b3a.44 - gsmtp
[06:43:52] CLIENT -> SERVER: EHLO DESKTOP-8FL2APL
[06:43:52] SERVER -> CLIENT: 250-smtp.gmail.com at your service, [42.113.61.147]
250-SIZE 35882577
250-8BITMIME
250-STARTTLS
250-ENHANCEDSTATUSCODES
250-PIPELINING
250-CHUNKING
250 SMTPUTF8
[06:43:52] CLIENT -> SERVER: STARTTLS
[06:43:52] SERVER -> CLIENT: 220 2.0.0 Ready to start TLS
[06:43:52] CLIENT -> SERVER: EHLO DESKTOP-8FL2APL
[06:43:52] SERVER -> CLIENT: 250-smtp.gmail.com at your service, [42.113.61.147]
250-SIZE 35882577
250-8BITMIME
250-AUTH LOGIN PLAIN XOAUTH2 PLAIN-CLIENTTOKEN OAUTHBEARER XOAUTH
250-ENHANCEDSTATUSCODES
250-PIPELINING
250-CHUNKING
250 SMTPUTF8
[06:43:52] CLIENT -> SERVER: AUTH LOGIN
[06:43:53] SERVER -> CLIENT: 334 VXNlcm5hbWU6
[06:43:53] CLIENT -> SERVER: [credentials hidden]
[06:43:53] SERVER -> CLIENT: 334 UGFzc3dvcmQ6
[06:43:53] CLIENT -> SERVER: [credentials hidden]
[06:43:53] SERVER -> CLIENT: 235 2.7.0 Accepted
[06:43:53] CLIENT -> SERVER: MAIL FROM:<pvhoang08082004@gmail.com>
[06:43:53] SERVER -> CLIENT: 250 2.1.0 OK d2e1a72fcca58-8434b011288sm5377633b3a.44 - gsmtp
[06:43:53] CLIENT -> SERVER: RCPT TO:<20221672@eaut.edu.vn>
[06:43:54] SERVER -> CLIENT: 250 2.1.5 OK d2e1a72fcca58-8434b011288sm5377633b3a.44 - gsmtp
[06:43:54] CLIENT -> SERVER: DATA
[06:43:54] SERVER -> CLIENT: 354 Go ahead d2e1a72fcca58-8434b011288sm5377633b3a.44 - gsmtp
[06:43:54] CLIENT -> SERVER: Date: Sun, 14 Jun 2026 06:43:52 +0700
[06:43:54] CLIENT -> SERVER: To: 20221672@eaut.edu.vn
[06:43:54] CLIENT -> SERVER: From: Elite Fitness Gym <pvhoang08082004@gmail.com>
[06:43:54] CLIENT -> SERVER: Subject: =?UTF-8?Q?[Elite_Gym]_Nh=E1=BA=AFc_nh=E1=BB=9F:_Ch=C6=B0a_=C4=91=C4=83ng_k=C3=BD_ca_t=E1=BA=ADp?=
[06:43:54] CLIENT -> SERVER: Message-ID: <vDeSYeC5vhL2BsIuc5KaCqiwf7zj1dbqu1bVKmcLp5Y@DESKTOP-8FL2APL>
[06:43:54] CLIENT -> SERVER: X-Mailer: PHPMailer 7.0.2 (https://github.com/PHPMailer/PHPMailer)
[06:43:54] CLIENT -> SERVER: MIME-Version: 1.0
[06:43:54] CLIENT -> SERVER: Content-Type: multipart/alternative;
[06:43:54] CLIENT -> SERVER:  boundary="b1=_vDeSYeC5vhL2BsIuc5KaCqiwf7zj1dbqu1bVKmcLp5Y"
[06:43:54] CLIENT -> SERVER: Content-Transfer-Encoding: 8bit
[06:43:54] CLIENT -> SERVER:
[06:43:54] CLIENT -> SERVER: --b1=_vDeSYeC5vhL2BsIuc5KaCqiwf7zj1dbqu1bVKmcLp5Y
[06:43:54] CLIENT -> SERVER: Content-Type: text/plain; charset=UTF-8
[06:43:54] CLIENT -> SERVER: Content-Transfer-Encoding: 8bit
[06:43:54] CLIENT -> SERVER:
[06:43:54] CLIENT -> SERVER: Hôm nay (14/06/2026) bạn chưa đăng ký ca tập nào. Hãy liên hệ lễ tân hoặc đặt lịch ngay!
[06:43:54] CLIENT -> SERVER:
[06:43:54] CLIENT -> SERVER: --b1=_vDeSYeC5vhL2BsIuc5KaCqiwf7zj1dbqu1bVKmcLp5Y
[06:43:54] CLIENT -> SERVER: Content-Type: text/html; charset=UTF-8
[06:43:54] CLIENT -> SERVER: Content-Transfer-Encoding: 8bit
[06:43:54] CLIENT -> SERVER:
[06:43:54] CLIENT -> SERVER:
[06:43:54] CLIENT -> SERVER:         <html>
[06:43:54] CLIENT -> SERVER:         <body style='font-family:Arial,sans-serif;background:#0a0a0a;color:#fff;padding:30px;margin:0;'>
[06:43:54] CLIENT -> SERVER:           <div style='max-width:520px;margin:auto;background:#111111;border-radius:4px;overflow:hidden;border:1px solid rgba(204,0,0,.25);'>
[06:43:54] CLIENT -> SERVER:
[06:43:54] CLIENT -> SERVER:             <!-- Header -->
[06:43:54] CLIENT -> SERVER:             <div style='background:#cc0000;padding:18px 32px;display:flex;align-items:center;gap:12px;'>
[06:43:54] CLIENT -> SERVER:               <span style='font-family:Arial,sans-serif;font-size:1.5rem;font-weight:900;color:#fff;letter-spacing:2px;text-transform:uppercase;'>ELITE GYM</span>
[06:43:54] CLIENT -> SERVER:               <span style='color:rgba(255,255,255,.6);font-size:.8rem;margin-left:auto;text-transform:uppercase;letter-spacing:1px;'>Thông báo</span>
[06:43:54] CLIENT -> SERVER:             </div>
[06:43:54] CLIENT -> SERVER:
[06:43:54] CLIENT -> SERVER:             <!-- Body -->
[06:43:54] CLIENT -> SERVER:             <div style='padding:28px 32px;'>
[06:43:54] CLIENT -> SERVER:               <p style='color:rgba(255,255,255,.6);margin:0 0 6px;font-size:.85rem;'>Xin chào,</p>
[06:43:54] CLIENT -> SERVER:               <p style='color:#fff;font-size:1rem;font-weight:700;margin:0 0 20px;'>Hoàng Phạm Văn</p>
[06:43:54] CLIENT -> SERVER:
[06:43:54] CLIENT -> SERVER:               <!-- Notification card -->
[06:43:54] CLIENT -> SERVER:               <div style='background:rgba(255,255,255,.04);border-left:3px solid #f59e0b;border-radius:2px;padding:16px 20px;margin-bottom:20px;'>
[06:43:54] CLIENT -> SERVER:                 <div style='font-size:.85rem;color:#f59e0b;font-weight:700;margin-bottom:8px;'>
[06:43:54] CLIENT -> SERVER:                   📅 Chưa đăng ký ca tập hôm nay
[06:43:54] CLIENT -> SERVER:                 </div>
[06:43:54] CLIENT -> SERVER:                 <div style='color:rgba(255,255,255,.75);font-size:.9rem;line-height:1.6;'>
[06:43:54] CLIENT -> SERVER:                   Hôm nay (14/06/2026) bạn chưa đăng ký ca tập nào. Hãy liên hệ lễ tân hoặc đặt lịch ngay!
[06:43:54] CLIENT -> SERVER:                 </div>
[06:43:54] CLIENT -> SERVER:               </div>
[06:43:54] CLIENT -> SERVER:
[06:43:54] CLIENT -> SERVER:               <div style='text-align:center;margin:24px 0 8px;'>
[06:43:54] CLIENT -> SERVER:                 <a href='http://localhost/PHP/ELite_GYM/public/'
[06:43:54] CLIENT -> SERVER:                    style='background:#cc0000;color:#fff;text-decoration:none;padding:12px 32px;border-radius:3px;font-weight:700;font-size:.9rem;letter-spacing:1px;display:inline-block;'>
[06:43:54] CLIENT -> SERVER:                   Vào trang Elite Gym
[06:43:54] CLIENT -> SERVER:                 </a>
[06:43:54] CLIENT -> SERVER:               </div>
[06:43:54] CLIENT -> SERVER:             </div>
[06:43:54] CLIENT -> SERVER:
[06:43:54] CLIENT -> SERVER:             <!-- Footer -->
[06:43:54] CLIENT -> SERVER:             <div style='padding:16px 32px;border-top:1px solid rgba(255,255,255,.08);'>
[06:43:54] CLIENT -> SERVER:               <p style='color:rgba(255,255,255,.3);font-size:.75rem;margin:0;text-align:center;'>
[06:43:54] CLIENT -> SERVER:                 © 2026 Elite Fitness Gym. Nếu bạn không muốn nhận email này, liên hệ lễ tân.
[06:43:54] CLIENT -> SERVER:               </p>
[06:43:54] CLIENT -> SERVER:             </div>
[06:43:54] CLIENT -> SERVER:           </div>
[06:43:54] CLIENT -> SERVER:         </body></html>
[06:43:54] CLIENT -> SERVER:
[06:43:54] CLIENT -> SERVER:
[06:43:54] CLIENT -> SERVER: --b1=_vDeSYeC5vhL2BsIuc5KaCqiwf7zj1dbqu1bVKmcLp5Y--
[06:43:54] CLIENT -> SERVER:
[06:43:54] CLIENT -> SERVER: .
[06:43:54] SERVER -> CLIENT: 250 2.0.0 OK  1781394234 d2e1a72fcca58-8434b011288sm5377633b3a.44 - gsmtp
[06:43:54] CLIENT -> SERVER: QUIT
[06:43:55] SERVER -> CLIENT: 221 2.0.0 closing connection d2e1a72fcca58-8434b011288sm5377633b3a.44 - gsmtp
[06:43:55] SERVER -> CLIENT: 220 smtp.gmail.com ESMTP 41be03b00d2f7-c8663352fd4sm5198062a12.12 - gsmtp
[06:43:55] CLIENT -> SERVER: EHLO DESKTOP-8FL2APL
[06:43:56] SERVER -> CLIENT: 250-smtp.gmail.com at your service, [42.113.61.147]
250-SIZE 35882577
250-8BITMIME
250-STARTTLS
250-ENHANCEDSTATUSCODES
250-PIPELINING
250-CHUNKING
250 SMTPUTF8
[06:43:56] CLIENT -> SERVER: STARTTLS
[06:43:56] SERVER -> CLIENT: 220 2.0.0 Ready to start TLS
[06:43:56] CLIENT -> SERVER: EHLO DESKTOP-8FL2APL
[06:43:56] SERVER -> CLIENT: 250-smtp.gmail.com at your service, [42.113.61.147]
250-SIZE 35882577
250-8BITMIME
250-AUTH LOGIN PLAIN XOAUTH2 PLAIN-CLIENTTOKEN OAUTHBEARER XOAUTH
250-ENHANCEDSTATUSCODES
250-PIPELINING
250-CHUNKING
250 SMTPUTF8
[06:43:56] CLIENT -> SERVER: AUTH LOGIN
[06:43:56] SERVER -> CLIENT: 334 VXNlcm5hbWU6
[06:43:56] CLIENT -> SERVER: [credentials hidden]
[06:43:56] SERVER -> CLIENT: 334 UGFzc3dvcmQ6
[06:43:56] CLIENT -> SERVER: [credentials hidden]
[06:43:57] SERVER -> CLIENT: 235 2.7.0 Accepted
[06:43:57] CLIENT -> SERVER: MAIL FROM:<pvhoang08082004@gmail.com>
[06:43:57] SERVER -> CLIENT: 250 2.1.0 OK 41be03b00d2f7-c8663352fd4sm5198062a12.12 - gsmtp
[06:43:57] CLIENT -> SERVER: RCPT TO:<pvhoang08082004@gmail.com>
[06:43:57] SERVER -> CLIENT: 250 2.1.5 OK 41be03b00d2f7-c8663352fd4sm5198062a12.12 - gsmtp
[06:43:57] CLIENT -> SERVER: DATA
[06:43:57] SERVER -> CLIENT: 354 Go ahead 41be03b00d2f7-c8663352fd4sm5198062a12.12 - gsmtp
[06:43:57] CLIENT -> SERVER: Date: Sun, 14 Jun 2026 06:43:55 +0700
[06:43:57] CLIENT -> SERVER: To: pvhoang08082004@gmail.com
[06:43:57] CLIENT -> SERVER: From: Elite Fitness Gym <pvhoang08082004@gmail.com>
[06:43:57] CLIENT -> SERVER: Subject: =?UTF-8?Q?[Elite_Gym]_Nh=E1=BA=AFc_nh=E1=BB=9F:_Ch=C6=B0a_=C4=91=C4=83ng_k=C3=BD_ca_t=E1=BA=ADp?=
[06:43:57] CLIENT -> SERVER: Message-ID: <BNiCHPB8jvGtMsyWA1zZgv4CAiKSe9xq7mdfgtO4g@DESKTOP-8FL2APL>
[06:43:57] CLIENT -> SERVER: X-Mailer: PHPMailer 7.0.2 (https://github.com/PHPMailer/PHPMailer)
[06:43:57] CLIENT -> SERVER: MIME-Version: 1.0
[06:43:57] CLIENT -> SERVER: Content-Type: multipart/alternative;
[06:43:57] CLIENT -> SERVER:  boundary="b1=_BNiCHPB8jvGtMsyWA1zZgv4CAiKSe9xq7mdfgtO4g"
[06:43:57] CLIENT -> SERVER: Content-Transfer-Encoding: 8bit
[06:43:57] CLIENT -> SERVER:
[06:43:57] CLIENT -> SERVER: --b1=_BNiCHPB8jvGtMsyWA1zZgv4CAiKSe9xq7mdfgtO4g
[06:43:57] CLIENT -> SERVER: Content-Type: text/plain; charset=UTF-8
[06:43:57] CLIENT -> SERVER: Content-Transfer-Encoding: 8bit
[06:43:57] CLIENT -> SERVER:
[06:43:57] CLIENT -> SERVER: Hôm nay (14/06/2026) bạn chưa đăng ký ca tập nào. Hãy liên hệ lễ tân hoặc đặt lịch ngay!
[06:43:57] CLIENT -> SERVER:
[06:43:57] CLIENT -> SERVER: --b1=_BNiCHPB8jvGtMsyWA1zZgv4CAiKSe9xq7mdfgtO4g
[06:43:57] CLIENT -> SERVER: Content-Type: text/html; charset=UTF-8
[06:43:57] CLIENT -> SERVER: Content-Transfer-Encoding: 8bit
[06:43:57] CLIENT -> SERVER:
[06:43:57] CLIENT -> SERVER:
[06:43:57] CLIENT -> SERVER:         <html>
[06:43:57] CLIENT -> SERVER:         <body style='font-family:Arial,sans-serif;background:#0a0a0a;color:#fff;padding:30px;margin:0;'>
[06:43:57] CLIENT -> SERVER:           <div style='max-width:520px;margin:auto;background:#111111;border-radius:4px;overflow:hidden;border:1px solid rgba(204,0,0,.25);'>
[06:43:57] CLIENT -> SERVER:
[06:43:57] CLIENT -> SERVER:             <!-- Header -->
[06:43:57] CLIENT -> SERVER:             <div style='background:#cc0000;padding:18px 32px;display:flex;align-items:center;gap:12px;'>
[06:43:57] CLIENT -> SERVER:               <span style='font-family:Arial,sans-serif;font-size:1.5rem;font-weight:900;color:#fff;letter-spacing:2px;text-transform:uppercase;'>ELITE GYM</span>
[06:43:57] CLIENT -> SERVER:               <span style='color:rgba(255,255,255,.6);font-size:.8rem;margin-left:auto;text-transform:uppercase;letter-spacing:1px;'>Thông báo</span>
[06:43:57] CLIENT -> SERVER:             </div>
[06:43:57] CLIENT -> SERVER:
[06:43:57] CLIENT -> SERVER:             <!-- Body -->
[06:43:57] CLIENT -> SERVER:             <div style='padding:28px 32px;'>
[06:43:57] CLIENT -> SERVER:               <p style='color:rgba(255,255,255,.6);margin:0 0 6px;font-size:.85rem;'>Xin chào,</p>
[06:43:57] CLIENT -> SERVER:               <p style='color:#fff;font-size:1rem;font-weight:700;margin:0 0 20px;'>Phạm Văn Hoàng</p>
[06:43:57] CLIENT -> SERVER:
[06:43:57] CLIENT -> SERVER:               <!-- Notification card -->
[06:43:57] CLIENT -> SERVER:               <div style='background:rgba(255,255,255,.04);border-left:3px solid #f59e0b;border-radius:2px;padding:16px 20px;margin-bottom:20px;'>
[06:43:57] CLIENT -> SERVER:                 <div style='font-size:.85rem;color:#f59e0b;font-weight:700;margin-bottom:8px;'>
[06:43:57] CLIENT -> SERVER:                   📅 Chưa đăng ký ca tập hôm nay
[06:43:57] CLIENT -> SERVER:                 </div>
[06:43:57] CLIENT -> SERVER:                 <div style='color:rgba(255,255,255,.75);font-size:.9rem;line-height:1.6;'>
[06:43:57] CLIENT -> SERVER:                   Hôm nay (14/06/2026) bạn chưa đăng ký ca tập nào. Hãy liên hệ lễ tân hoặc đặt lịch ngay!
[06:43:57] CLIENT -> SERVER:                 </div>
[06:43:57] CLIENT -> SERVER:               </div>
[06:43:57] CLIENT -> SERVER:
[06:43:57] CLIENT -> SERVER:               <div style='text-align:center;margin:24px 0 8px;'>
[06:43:57] CLIENT -> SERVER:                 <a href='http://localhost/PHP/ELite_GYM/public/'
[06:43:57] CLIENT -> SERVER:                    style='background:#cc0000;color:#fff;text-decoration:none;padding:12px 32px;border-radius:3px;font-weight:700;font-size:.9rem;letter-spacing:1px;display:inline-block;'>
[06:43:57] CLIENT -> SERVER:                   Vào trang Elite Gym
[06:43:57] CLIENT -> SERVER:                 </a>
[06:43:57] CLIENT -> SERVER:               </div>
[06:43:57] CLIENT -> SERVER:             </div>
[06:43:57] CLIENT -> SERVER:
[06:43:57] CLIENT -> SERVER:             <!-- Footer -->
[06:43:57] CLIENT -> SERVER:             <div style='padding:16px 32px;border-top:1px solid rgba(255,255,255,.08);'>
[06:43:57] CLIENT -> SERVER:               <p style='color:rgba(255,255,255,.3);font-size:.75rem;margin:0;text-align:center;'>
[06:43:57] CLIENT -> SERVER:                 © 2026 Elite Fitness Gym. Nếu bạn không muốn nhận email này, liên hệ lễ tân.
[06:43:57] CLIENT -> SERVER:               </p>
[06:43:57] CLIENT -> SERVER:             </div>
[06:43:57] CLIENT -> SERVER:           </div>
[06:43:57] CLIENT -> SERVER:         </body></html>
[06:43:57] CLIENT -> SERVER:
[06:43:57] CLIENT -> SERVER:
[06:43:57] CLIENT -> SERVER: --b1=_BNiCHPB8jvGtMsyWA1zZgv4CAiKSe9xq7mdfgtO4g--
[06:43:57] CLIENT -> SERVER:
[06:43:57] CLIENT -> SERVER: .
[06:43:58] SERVER -> CLIENT: 250 2.0.0 OK  1781394238 41be03b00d2f7-c8663352fd4sm5198062a12.12 - gsmtp
[06:43:58] CLIENT -> SERVER: QUIT
[06:43:58] SERVER -> CLIENT: 221 2.0.0 closing connection 41be03b00d2f7-c8663352fd4sm5198062a12.12 - gsmtp
[08:36:35] SERVER -> CLIENT: 220 smtp.gmail.com ESMTP d2e1a72fcca58-8434afc8a9bsm8079463b3a.31 - gsmtp
[08:36:35] CLIENT -> SERVER: EHLO DESKTOP-8FL2APL
[08:36:36] SERVER -> CLIENT: 250-smtp.gmail.com at your service, [42.113.61.147]
250-SIZE 35882577
250-8BITMIME
250-STARTTLS
250-ENHANCEDSTATUSCODES
250-PIPELINING
250-CHUNKING
250 SMTPUTF8
[08:36:36] CLIENT -> SERVER: STARTTLS
[08:36:36] SERVER -> CLIENT: 220 2.0.0 Ready to start TLS
[08:36:36] CLIENT -> SERVER: EHLO DESKTOP-8FL2APL
[08:36:36] SERVER -> CLIENT: 250-smtp.gmail.com at your service, [42.113.61.147]
250-SIZE 35882577
250-8BITMIME
250-AUTH LOGIN PLAIN XOAUTH2 PLAIN-CLIENTTOKEN OAUTHBEARER XOAUTH
250-ENHANCEDSTATUSCODES
250-PIPELINING
250-CHUNKING
250 SMTPUTF8
[08:36:36] CLIENT -> SERVER: AUTH LOGIN
[08:36:36] SERVER -> CLIENT: 334 VXNlcm5hbWU6
[08:36:36] CLIENT -> SERVER: [credentials hidden]
[08:36:36] SERVER -> CLIENT: 334 UGFzc3dvcmQ6
[08:36:36] CLIENT -> SERVER: [credentials hidden]
[08:36:37] SERVER -> CLIENT: 235 2.7.0 Accepted
[08:36:37] CLIENT -> SERVER: MAIL FROM:<pvhoang08082004@gmail.com>
[08:36:37] SERVER -> CLIENT: 250 2.1.0 OK d2e1a72fcca58-8434afc8a9bsm8079463b3a.31 - gsmtp
[08:36:37] CLIENT -> SERVER: RCPT TO:<pvhoang08082004@gmail.com>
[08:36:37] SERVER -> CLIENT: 250 2.1.5 OK d2e1a72fcca58-8434afc8a9bsm8079463b3a.31 - gsmtp
[08:36:37] CLIENT -> SERVER: DATA
[08:36:37] SERVER -> CLIENT: 354 Go ahead d2e1a72fcca58-8434afc8a9bsm8079463b3a.31 - gsmtp
[08:36:37] CLIENT -> SERVER: Date: Mon, 15 Jun 2026 08:36:34 +0700
[08:36:37] CLIENT -> SERVER: To: pvhoang08082004@gmail.com
[08:36:37] CLIENT -> SERVER: From: Elite Fitness Gym <pvhoang08082004@gmail.com>
[08:36:37] CLIENT -> SERVER: Subject: =?UTF-8?Q?[Elite_Gym]_Nh=E1=BA=AFc_nh=E1=BB=9F:_Ch=C6=B0a_=C4=91=C4=83ng_k=C3=BD_ca_t=E1=BA=ADp?=
[08:36:37] CLIENT -> SERVER: Message-ID: <XumKgMy0fPXDfpo6d70ZJ68rCGG8bO2tkUju5pQjQ@DESKTOP-8FL2APL>
[08:36:37] CLIENT -> SERVER: X-Mailer: PHPMailer 7.0.2 (https://github.com/PHPMailer/PHPMailer)
[08:36:37] CLIENT -> SERVER: MIME-Version: 1.0
[08:36:37] CLIENT -> SERVER: Content-Type: multipart/alternative;
[08:36:37] CLIENT -> SERVER:  boundary="b1=_XumKgMy0fPXDfpo6d70ZJ68rCGG8bO2tkUju5pQjQ"
[08:36:37] CLIENT -> SERVER: Content-Transfer-Encoding: 8bit
[08:36:37] CLIENT -> SERVER:
[08:36:37] CLIENT -> SERVER: --b1=_XumKgMy0fPXDfpo6d70ZJ68rCGG8bO2tkUju5pQjQ
[08:36:37] CLIENT -> SERVER: Content-Type: text/plain; charset=UTF-8
[08:36:37] CLIENT -> SERVER: Content-Transfer-Encoding: 8bit
[08:36:37] CLIENT -> SERVER:
[08:36:37] CLIENT -> SERVER: Hôm nay (15/06/2026) bạn chưa đăng ký ca tập nào. Hãy liên hệ lễ tân hoặc đặt lịch ngay!
[08:36:37] CLIENT -> SERVER:
[08:36:37] CLIENT -> SERVER: --b1=_XumKgMy0fPXDfpo6d70ZJ68rCGG8bO2tkUju5pQjQ
[08:36:37] CLIENT -> SERVER: Content-Type: text/html; charset=UTF-8
[08:36:37] CLIENT -> SERVER: Content-Transfer-Encoding: 8bit
[08:36:37] CLIENT -> SERVER:
[08:36:37] CLIENT -> SERVER:
[08:36:37] CLIENT -> SERVER:         <html>
[08:36:37] CLIENT -> SERVER:         <body style='font-family:Arial,sans-serif;background:#0a0a0a;color:#fff;padding:30px;margin:0;'>
[08:36:37] CLIENT -> SERVER:           <div style='max-width:520px;margin:auto;background:#111111;border-radius:4px;overflow:hidden;border:1px solid rgba(204,0,0,.25);'>
[08:36:37] CLIENT -> SERVER:
[08:36:37] CLIENT -> SERVER:             <!-- Header -->
[08:36:37] CLIENT -> SERVER:             <div style='background:#cc0000;padding:18px 32px;display:flex;align-items:center;gap:12px;'>
[08:36:37] CLIENT -> SERVER:               <span style='font-family:Arial,sans-serif;font-size:1.5rem;font-weight:900;color:#fff;letter-spacing:2px;text-transform:uppercase;'>ELITE GYM</span>
[08:36:37] CLIENT -> SERVER:               <span style='color:rgba(255,255,255,.6);font-size:.8rem;margin-left:auto;text-transform:uppercase;letter-spacing:1px;'>Thông báo</span>
[08:36:37] CLIENT -> SERVER:             </div>
[08:36:37] CLIENT -> SERVER:
[08:36:37] CLIENT -> SERVER:             <!-- Body -->
[08:36:37] CLIENT -> SERVER:             <div style='padding:28px 32px;'>
[08:36:37] CLIENT -> SERVER:               <p style='color:rgba(255,255,255,.6);margin:0 0 6px;font-size:.85rem;'>Xin chào,</p>
[08:36:37] CLIENT -> SERVER:               <p style='color:#fff;font-size:1rem;font-weight:700;margin:0 0 20px;'>Hoàng Phạm Văn</p>
[08:36:37] CLIENT -> SERVER:
[08:36:37] CLIENT -> SERVER:               <!-- Notification card -->
[08:36:37] CLIENT -> SERVER:               <div style='background:rgba(255,255,255,.04);border-left:3px solid #f59e0b;border-radius:2px;padding:16px 20px;margin-bottom:20px;'>
[08:36:37] CLIENT -> SERVER:                 <div style='font-size:.85rem;color:#f59e0b;font-weight:700;margin-bottom:8px;'>
[08:36:37] CLIENT -> SERVER:                   📅 Chưa đăng ký ca tập hôm nay
[08:36:37] CLIENT -> SERVER:                 </div>
[08:36:37] CLIENT -> SERVER:                 <div style='color:rgba(255,255,255,.75);font-size:.9rem;line-height:1.6;'>
[08:36:37] CLIENT -> SERVER:                   Hôm nay (15/06/2026) bạn chưa đăng ký ca tập nào. Hãy liên hệ lễ tân hoặc đặt lịch ngay!
[08:36:37] CLIENT -> SERVER:                 </div>
[08:36:37] CLIENT -> SERVER:               </div>
[08:36:37] CLIENT -> SERVER:
[08:36:37] CLIENT -> SERVER:               <div style='text-align:center;margin:24px 0 8px;'>
[08:36:37] CLIENT -> SERVER:                 <a href='http://localhost/PHP/ELite_GYM/public/'
[08:36:37] CLIENT -> SERVER:                    style='background:#cc0000;color:#fff;text-decoration:none;padding:12px 32px;border-radius:3px;font-weight:700;font-size:.9rem;letter-spacing:1px;display:inline-block;'>
[08:36:37] CLIENT -> SERVER:                   Vào trang Elite Gym
[08:36:37] CLIENT -> SERVER:                 </a>
[08:36:37] CLIENT -> SERVER:               </div>
[08:36:37] CLIENT -> SERVER:             </div>
[08:36:37] CLIENT -> SERVER:
[08:36:37] CLIENT -> SERVER:             <!-- Footer -->
[08:36:37] CLIENT -> SERVER:             <div style='padding:16px 32px;border-top:1px solid rgba(255,255,255,.08);'>
[08:36:37] CLIENT -> SERVER:               <p style='color:rgba(255,255,255,.3);font-size:.75rem;margin:0;text-align:center;'>
[08:36:37] CLIENT -> SERVER:                 © 2026 Elite Fitness Gym. Nếu bạn không muốn nhận email này, liên hệ lễ tân.
[08:36:37] CLIENT -> SERVER:               </p>
[08:36:37] CLIENT -> SERVER:             </div>
[08:36:37] CLIENT -> SERVER:           </div>
[08:36:37] CLIENT -> SERVER:         </body></html>
[08:36:37] CLIENT -> SERVER:
[08:36:37] CLIENT -> SERVER:
[08:36:37] CLIENT -> SERVER: --b1=_XumKgMy0fPXDfpo6d70ZJ68rCGG8bO2tkUju5pQjQ--
[08:36:37] CLIENT -> SERVER:
[08:36:37] CLIENT -> SERVER: .
[08:36:38] SERVER -> CLIENT: 250 2.0.0 OK  1781487397 d2e1a72fcca58-8434afc8a9bsm8079463b3a.31 - gsmtp
[08:36:38] CLIENT -> SERVER: QUIT
[08:36:38] SERVER -> CLIENT: 221 2.0.0 closing connection d2e1a72fcca58-8434afc8a9bsm8079463b3a.31 - gsmtp
[08:36:39] SERVER -> CLIENT: 220 smtp.gmail.com ESMTP d9443c01a7336-2c43307a259sm82720065ad.68 - gsmtp
[08:36:39] CLIENT -> SERVER: EHLO DESKTOP-8FL2APL
[08:36:39] SERVER -> CLIENT: 250-smtp.gmail.com at your service, [42.113.61.147]
250-SIZE 35882577
250-8BITMIME
250-STARTTLS
250-ENHANCEDSTATUSCODES
250-PIPELINING
250-CHUNKING
250 SMTPUTF8
[08:36:39] CLIENT -> SERVER: STARTTLS
[08:36:39] SERVER -> CLIENT: 220 2.0.0 Ready to start TLS
[08:36:39] CLIENT -> SERVER: EHLO DESKTOP-8FL2APL
[08:36:39] SERVER -> CLIENT: 250-smtp.gmail.com at your service, [42.113.61.147]
250-SIZE 35882577
250-8BITMIME
250-AUTH LOGIN PLAIN XOAUTH2 PLAIN-CLIENTTOKEN OAUTHBEARER XOAUTH
250-ENHANCEDSTATUSCODES
250-PIPELINING
250-CHUNKING
250 SMTPUTF8
[08:36:39] CLIENT -> SERVER: AUTH LOGIN
[08:36:39] SERVER -> CLIENT: 334 VXNlcm5hbWU6
[08:36:39] CLIENT -> SERVER: [credentials hidden]
[08:36:40] SERVER -> CLIENT: 334 UGFzc3dvcmQ6
[08:36:40] CLIENT -> SERVER: [credentials hidden]
[08:36:40] SERVER -> CLIENT: 235 2.7.0 Accepted
[08:36:40] CLIENT -> SERVER: MAIL FROM:<pvhoang08082004@gmail.com>
[08:36:40] SERVER -> CLIENT: 250 2.1.0 OK d9443c01a7336-2c43307a259sm82720065ad.68 - gsmtp
[08:36:40] CLIENT -> SERVER: RCPT TO:<tcuc041126@gmail.com>
[08:36:40] SERVER -> CLIENT: 250 2.1.5 OK d9443c01a7336-2c43307a259sm82720065ad.68 - gsmtp
[08:36:40] CLIENT -> SERVER: DATA
[08:36:40] SERVER -> CLIENT: 354 Go ahead d9443c01a7336-2c43307a259sm82720065ad.68 - gsmtp
[08:36:40] CLIENT -> SERVER: Date: Mon, 15 Jun 2026 08:36:38 +0700
[08:36:41] CLIENT -> SERVER: To: tcuc041126@gmail.com
[08:36:41] CLIENT -> SERVER: From: Elite Fitness Gym <pvhoang08082004@gmail.com>
[08:36:41] CLIENT -> SERVER: Subject: =?UTF-8?Q?[Elite_Gym]_Nh=E1=BA=AFc_nh=E1=BB=9F:_Ch=C6=B0a_=C4=91=C4=83ng_k=C3=BD_ca_t=E1=BA=ADp?=
[08:36:41] CLIENT -> SERVER: Message-ID: <Dy8qKg1xDydgP1c0QR8GX9cZdLmZySvknXD79YNNk@DESKTOP-8FL2APL>
[08:36:41] CLIENT -> SERVER: X-Mailer: PHPMailer 7.0.2 (https://github.com/PHPMailer/PHPMailer)
[08:36:41] CLIENT -> SERVER: MIME-Version: 1.0
[08:36:41] CLIENT -> SERVER: Content-Type: multipart/alternative;
[08:36:41] CLIENT -> SERVER:  boundary="b1=_Dy8qKg1xDydgP1c0QR8GX9cZdLmZySvknXD79YNNk"
[08:36:41] CLIENT -> SERVER: Content-Transfer-Encoding: 8bit
[08:36:41] CLIENT -> SERVER:
[08:36:41] CLIENT -> SERVER: --b1=_Dy8qKg1xDydgP1c0QR8GX9cZdLmZySvknXD79YNNk
[08:36:41] CLIENT -> SERVER: Content-Type: text/plain; charset=UTF-8
[08:36:41] CLIENT -> SERVER: Content-Transfer-Encoding: 8bit
[08:36:41] CLIENT -> SERVER:
[08:36:41] CLIENT -> SERVER: Hôm nay (15/06/2026) bạn chưa đăng ký ca tập nào. Hãy liên hệ lễ tân hoặc đặt lịch ngay!
[08:36:41] CLIENT -> SERVER:
[08:36:41] CLIENT -> SERVER: --b1=_Dy8qKg1xDydgP1c0QR8GX9cZdLmZySvknXD79YNNk
[08:36:41] CLIENT -> SERVER: Content-Type: text/html; charset=UTF-8
[08:36:41] CLIENT -> SERVER: Content-Transfer-Encoding: 8bit
[08:36:41] CLIENT -> SERVER:
[08:36:41] CLIENT -> SERVER:
[08:36:41] CLIENT -> SERVER:         <html>
[08:36:41] CLIENT -> SERVER:         <body style='font-family:Arial,sans-serif;background:#0a0a0a;color:#fff;padding:30px;margin:0;'>
[08:36:41] CLIENT -> SERVER:           <div style='max-width:520px;margin:auto;background:#111111;border-radius:4px;overflow:hidden;border:1px solid rgba(204,0,0,.25);'>
[08:36:41] CLIENT -> SERVER:
[08:36:41] CLIENT -> SERVER:             <!-- Header -->
[08:36:41] CLIENT -> SERVER:             <div style='background:#cc0000;padding:18px 32px;display:flex;align-items:center;gap:12px;'>
[08:36:41] CLIENT -> SERVER:               <span style='font-family:Arial,sans-serif;font-size:1.5rem;font-weight:900;color:#fff;letter-spacing:2px;text-transform:uppercase;'>ELITE GYM</span>
[08:36:41] CLIENT -> SERVER:               <span style='color:rgba(255,255,255,.6);font-size:.8rem;margin-left:auto;text-transform:uppercase;letter-spacing:1px;'>Thông báo</span>
[08:36:41] CLIENT -> SERVER:             </div>
[08:36:41] CLIENT -> SERVER:
[08:36:41] CLIENT -> SERVER:             <!-- Body -->
[08:36:41] CLIENT -> SERVER:             <div style='padding:28px 32px;'>
[08:36:41] CLIENT -> SERVER:               <p style='color:rgba(255,255,255,.6);margin:0 0 6px;font-size:.85rem;'>Xin chào,</p>
[08:36:41] CLIENT -> SERVER:               <p style='color:#fff;font-size:1rem;font-weight:700;margin:0 0 20px;'>Nguyễn Thị Thu Cúc</p>
[08:36:41] CLIENT -> SERVER:
[08:36:41] CLIENT -> SERVER:               <!-- Notification card -->
[08:36:41] CLIENT -> SERVER:               <div style='background:rgba(255,255,255,.04);border-left:3px solid #f59e0b;border-radius:2px;padding:16px 20px;margin-bottom:20px;'>
[08:36:41] CLIENT -> SERVER:                 <div style='font-size:.85rem;color:#f59e0b;font-weight:700;margin-bottom:8px;'>
[08:36:41] CLIENT -> SERVER:                   📅 Chưa đăng ký ca tập hôm nay
[08:36:41] CLIENT -> SERVER:                 </div>
[08:36:41] CLIENT -> SERVER:                 <div style='color:rgba(255,255,255,.75);font-size:.9rem;line-height:1.6;'>
[08:36:41] CLIENT -> SERVER:                   Hôm nay (15/06/2026) bạn chưa đăng ký ca tập nào. Hãy liên hệ lễ tân hoặc đặt lịch ngay!
[08:36:41] CLIENT -> SERVER:                 </div>
[08:36:41] CLIENT -> SERVER:               </div>
[08:36:41] CLIENT -> SERVER:
[08:36:41] CLIENT -> SERVER:               <div style='text-align:center;margin:24px 0 8px;'>
[08:36:41] CLIENT -> SERVER:                 <a href='http://localhost/PHP/ELite_GYM/public/'
[08:36:41] CLIENT -> SERVER:                    style='background:#cc0000;color:#fff;text-decoration:none;padding:12px 32px;border-radius:3px;font-weight:700;font-size:.9rem;letter-spacing:1px;display:inline-block;'>
[08:36:41] CLIENT -> SERVER:                   Vào trang Elite Gym
[08:36:41] CLIENT -> SERVER:                 </a>
[08:36:41] CLIENT -> SERVER:               </div>
[08:36:41] CLIENT -> SERVER:             </div>
[08:36:41] CLIENT -> SERVER:
[08:36:41] CLIENT -> SERVER:             <!-- Footer -->
[08:36:41] CLIENT -> SERVER:             <div style='padding:16px 32px;border-top:1px solid rgba(255,255,255,.08);'>
[08:36:41] CLIENT -> SERVER:               <p style='color:rgba(255,255,255,.3);font-size:.75rem;margin:0;text-align:center;'>
[08:36:41] CLIENT -> SERVER:                 © 2026 Elite Fitness Gym. Nếu bạn không muốn nhận email này, liên hệ lễ tân.
[08:36:41] CLIENT -> SERVER:               </p>
[08:36:41] CLIENT -> SERVER:             </div>
[08:36:41] CLIENT -> SERVER:           </div>
[08:36:41] CLIENT -> SERVER:         </body></html>
[08:36:41] CLIENT -> SERVER:
[08:36:41] CLIENT -> SERVER:
[08:36:41] CLIENT -> SERVER: --b1=_Dy8qKg1xDydgP1c0QR8GX9cZdLmZySvknXD79YNNk--
[08:36:41] CLIENT -> SERVER:
[08:36:41] CLIENT -> SERVER: .
[08:36:41] SERVER -> CLIENT: 250 2.0.0 OK  1781487400 d9443c01a7336-2c43307a259sm82720065ad.68 - gsmtp
[08:36:41] CLIENT -> SERVER: QUIT
[08:36:41] SERVER -> CLIENT: 221 2.0.0 closing connection d9443c01a7336-2c43307a259sm82720065ad.68 - gsmtp
[08:36:42] SERVER -> CLIENT: 220 smtp.gmail.com ESMTP 98e67ed59e1d1-37a1c4abe46sm8863800a91.0 - gsmtp
[08:36:42] CLIENT -> SERVER: EHLO DESKTOP-8FL2APL
[08:36:42] SERVER -> CLIENT: 250-smtp.gmail.com at your service, [42.113.61.147]
250-SIZE 35882577
250-8BITMIME
250-STARTTLS
250-ENHANCEDSTATUSCODES
250-PIPELINING
250-CHUNKING
250 SMTPUTF8
[08:36:42] CLIENT -> SERVER: STARTTLS
[08:36:42] SERVER -> CLIENT: 220 2.0.0 Ready to start TLS
[08:36:42] CLIENT -> SERVER: EHLO DESKTOP-8FL2APL
[08:36:43] SERVER -> CLIENT: 250-smtp.gmail.com at your service, [42.113.61.147]
250-SIZE 35882577
250-8BITMIME
250-AUTH LOGIN PLAIN XOAUTH2 PLAIN-CLIENTTOKEN OAUTHBEARER XOAUTH
250-ENHANCEDSTATUSCODES
250-PIPELINING
250-CHUNKING
250 SMTPUTF8
[08:36:43] CLIENT -> SERVER: AUTH LOGIN
[08:36:43] SERVER -> CLIENT: 334 VXNlcm5hbWU6
[08:36:43] CLIENT -> SERVER: [credentials hidden]
[08:36:43] SERVER -> CLIENT: 334 UGFzc3dvcmQ6
[08:36:43] CLIENT -> SERVER: [credentials hidden]
[08:36:44] SERVER -> CLIENT: 235 2.7.0 Accepted
[08:36:44] CLIENT -> SERVER: MAIL FROM:<pvhoang08082004@gmail.com>
[08:36:44] SERVER -> CLIENT: 250 2.1.0 OK 98e67ed59e1d1-37a1c4abe46sm8863800a91.0 - gsmtp
[08:36:44] CLIENT -> SERVER: RCPT TO:<20221672@eaut.edu.vn>
[08:36:44] SERVER -> CLIENT: 250 2.1.5 OK 98e67ed59e1d1-37a1c4abe46sm8863800a91.0 - gsmtp
[08:36:44] CLIENT -> SERVER: DATA
[08:36:44] SERVER -> CLIENT: 354 Go ahead 98e67ed59e1d1-37a1c4abe46sm8863800a91.0 - gsmtp
[08:36:44] CLIENT -> SERVER: Date: Mon, 15 Jun 2026 08:36:41 +0700
[08:36:44] CLIENT -> SERVER: To: 20221672@eaut.edu.vn
[08:36:44] CLIENT -> SERVER: From: Elite Fitness Gym <pvhoang08082004@gmail.com>
[08:36:44] CLIENT -> SERVER: Subject: =?UTF-8?Q?[Elite_Gym]_Nh=E1=BA=AFc_nh=E1=BB=9F:_Ch=C6=B0a_=C4=91=C4=83ng_k=C3=BD_ca_t=E1=BA=ADp?=
[08:36:44] CLIENT -> SERVER: Message-ID: <vNIN4L8koEAmWdrhrNe4u2V9G12QeKEKDt2wQA2Yo@DESKTOP-8FL2APL>
[08:36:44] CLIENT -> SERVER: X-Mailer: PHPMailer 7.0.2 (https://github.com/PHPMailer/PHPMailer)
[08:36:44] CLIENT -> SERVER: MIME-Version: 1.0
[08:36:44] CLIENT -> SERVER: Content-Type: multipart/alternative;
[08:36:44] CLIENT -> SERVER:  boundary="b1=_vNIN4L8koEAmWdrhrNe4u2V9G12QeKEKDt2wQA2Yo"
[08:36:44] CLIENT -> SERVER: Content-Transfer-Encoding: 8bit
[08:36:44] CLIENT -> SERVER:
[08:36:44] CLIENT -> SERVER: --b1=_vNIN4L8koEAmWdrhrNe4u2V9G12QeKEKDt2wQA2Yo
[08:36:44] CLIENT -> SERVER: Content-Type: text/plain; charset=UTF-8
[08:36:44] CLIENT -> SERVER: Content-Transfer-Encoding: 8bit
[08:36:44] CLIENT -> SERVER:
[08:36:44] CLIENT -> SERVER: Hôm nay (15/06/2026) bạn chưa đăng ký ca tập nào. Hãy liên hệ lễ tân hoặc đặt lịch ngay!
[08:36:44] CLIENT -> SERVER:
[08:36:44] CLIENT -> SERVER: --b1=_vNIN4L8koEAmWdrhrNe4u2V9G12QeKEKDt2wQA2Yo
[08:36:44] CLIENT -> SERVER: Content-Type: text/html; charset=UTF-8
[08:36:44] CLIENT -> SERVER: Content-Transfer-Encoding: 8bit
[08:36:44] CLIENT -> SERVER:
[08:36:44] CLIENT -> SERVER:
[08:36:44] CLIENT -> SERVER:         <html>
[08:36:44] CLIENT -> SERVER:         <body style='font-family:Arial,sans-serif;background:#0a0a0a;color:#fff;padding:30px;margin:0;'>
[08:36:44] CLIENT -> SERVER:           <div style='max-width:520px;margin:auto;background:#111111;border-radius:4px;overflow:hidden;border:1px solid rgba(204,0,0,.25);'>
[08:36:44] CLIENT -> SERVER:
[08:36:44] CLIENT -> SERVER:             <!-- Header -->
[08:36:44] CLIENT -> SERVER:             <div style='background:#cc0000;padding:18px 32px;display:flex;align-items:center;gap:12px;'>
[08:36:44] CLIENT -> SERVER:               <span style='font-family:Arial,sans-serif;font-size:1.5rem;font-weight:900;color:#fff;letter-spacing:2px;text-transform:uppercase;'>ELITE GYM</span>
[08:36:44] CLIENT -> SERVER:               <span style='color:rgba(255,255,255,.6);font-size:.8rem;margin-left:auto;text-transform:uppercase;letter-spacing:1px;'>Thông báo</span>
[08:36:44] CLIENT -> SERVER:             </div>
[08:36:44] CLIENT -> SERVER:
[08:36:44] CLIENT -> SERVER:             <!-- Body -->
[08:36:44] CLIENT -> SERVER:             <div style='padding:28px 32px;'>
[08:36:44] CLIENT -> SERVER:               <p style='color:rgba(255,255,255,.6);margin:0 0 6px;font-size:.85rem;'>Xin chào,</p>
[08:36:44] CLIENT -> SERVER:               <p style='color:#fff;font-size:1rem;font-weight:700;margin:0 0 20px;'>Hoàng Phạm Văn</p>
[08:36:44] CLIENT -> SERVER:
[08:36:44] CLIENT -> SERVER:               <!-- Notification card -->
[08:36:44] CLIENT -> SERVER:               <div style='background:rgba(255,255,255,.04);border-left:3px solid #f59e0b;border-radius:2px;padding:16px 20px;margin-bottom:20px;'>
[08:36:44] CLIENT -> SERVER:                 <div style='font-size:.85rem;color:#f59e0b;font-weight:700;margin-bottom:8px;'>
[08:36:44] CLIENT -> SERVER:                   📅 Chưa đăng ký ca tập hôm nay
[08:36:44] CLIENT -> SERVER:                 </div>
[08:36:44] CLIENT -> SERVER:                 <div style='color:rgba(255,255,255,.75);font-size:.9rem;line-height:1.6;'>
[08:36:44] CLIENT -> SERVER:                   Hôm nay (15/06/2026) bạn chưa đăng ký ca tập nào. Hãy liên hệ lễ tân hoặc đặt lịch ngay!
[08:36:44] CLIENT -> SERVER:                 </div>
[08:36:44] CLIENT -> SERVER:               </div>
[08:36:44] CLIENT -> SERVER:
[08:36:44] CLIENT -> SERVER:               <div style='text-align:center;margin:24px 0 8px;'>
[08:36:44] CLIENT -> SERVER:                 <a href='http://localhost/PHP/ELite_GYM/public/'
[08:36:44] CLIENT -> SERVER:                    style='background:#cc0000;color:#fff;text-decoration:none;padding:12px 32px;border-radius:3px;font-weight:700;font-size:.9rem;letter-spacing:1px;display:inline-block;'>
[08:36:44] CLIENT -> SERVER:                   Vào trang Elite Gym
[08:36:44] CLIENT -> SERVER:                 </a>
[08:36:44] CLIENT -> SERVER:               </div>
[08:36:44] CLIENT -> SERVER:             </div>
[08:36:44] CLIENT -> SERVER:
[08:36:44] CLIENT -> SERVER:             <!-- Footer -->
[08:36:44] CLIENT -> SERVER:             <div style='padding:16px 32px;border-top:1px solid rgba(255,255,255,.08);'>
[08:36:44] CLIENT -> SERVER:               <p style='color:rgba(255,255,255,.3);font-size:.75rem;margin:0;text-align:center;'>
[08:36:44] CLIENT -> SERVER:                 © 2026 Elite Fitness Gym. Nếu bạn không muốn nhận email này, liên hệ lễ tân.
[08:36:44] CLIENT -> SERVER:               </p>
[08:36:44] CLIENT -> SERVER:             </div>
[08:36:44] CLIENT -> SERVER:           </div>
[08:36:44] CLIENT -> SERVER:         </body></html>
[08:36:44] CLIENT -> SERVER:
[08:36:44] CLIENT -> SERVER:
[08:36:44] CLIENT -> SERVER: --b1=_vNIN4L8koEAmWdrhrNe4u2V9G12QeKEKDt2wQA2Yo--
[08:36:44] CLIENT -> SERVER:
[08:36:44] CLIENT -> SERVER: .
[08:36:45] SERVER -> CLIENT: 250 2.0.0 OK  1781487404 98e67ed59e1d1-37a1c4abe46sm8863800a91.0 - gsmtp
[08:36:45] CLIENT -> SERVER: QUIT
[08:36:45] SERVER -> CLIENT: 221 2.0.0 closing connection 98e67ed59e1d1-37a1c4abe46sm8863800a91.0 - gsmtp
[08:36:46] SERVER -> CLIENT: 220 smtp.gmail.com ESMTP d2e1a72fcca58-8434b011288sm7538205b3a.44 - gsmtp
[08:36:46] CLIENT -> SERVER: EHLO DESKTOP-8FL2APL
[08:36:46] SERVER -> CLIENT: 250-smtp.gmail.com at your service, [42.113.61.147]
250-SIZE 35882577
250-8BITMIME
250-STARTTLS
250-ENHANCEDSTATUSCODES
250-PIPELINING
250-CHUNKING
250 SMTPUTF8
[08:36:46] CLIENT -> SERVER: STARTTLS
[08:36:46] SERVER -> CLIENT: 220 2.0.0 Ready to start TLS
[08:36:46] CLIENT -> SERVER: EHLO DESKTOP-8FL2APL
[08:36:46] SERVER -> CLIENT: 250-smtp.gmail.com at your service, [42.113.61.147]
250-SIZE 35882577
250-8BITMIME
250-AUTH LOGIN PLAIN XOAUTH2 PLAIN-CLIENTTOKEN OAUTHBEARER XOAUTH
250-ENHANCEDSTATUSCODES
250-PIPELINING
250-CHUNKING
250 SMTPUTF8
[08:36:46] CLIENT -> SERVER: AUTH LOGIN
[08:36:46] SERVER -> CLIENT: 334 VXNlcm5hbWU6
[08:36:46] CLIENT -> SERVER: [credentials hidden]
[08:36:47] SERVER -> CLIENT: 334 UGFzc3dvcmQ6
[08:36:47] CLIENT -> SERVER: [credentials hidden]
[08:36:47] SERVER -> CLIENT: 235 2.7.0 Accepted
[08:36:47] CLIENT -> SERVER: MAIL FROM:<pvhoang08082004@gmail.com>
[08:36:47] SERVER -> CLIENT: 250 2.1.0 OK d2e1a72fcca58-8434b011288sm7538205b3a.44 - gsmtp
[08:36:47] CLIENT -> SERVER: RCPT TO:<pvhoang08082004@gmail.com>
[08:36:47] SERVER -> CLIENT: 250 2.1.5 OK d2e1a72fcca58-8434b011288sm7538205b3a.44 - gsmtp
[08:36:47] CLIENT -> SERVER: DATA
[08:36:48] SERVER -> CLIENT: 354 Go ahead d2e1a72fcca58-8434b011288sm7538205b3a.44 - gsmtp
[08:36:48] CLIENT -> SERVER: Date: Mon, 15 Jun 2026 08:36:45 +0700
[08:36:48] CLIENT -> SERVER: To: pvhoang08082004@gmail.com
[08:36:48] CLIENT -> SERVER: From: Elite Fitness Gym <pvhoang08082004@gmail.com>
[08:36:48] CLIENT -> SERVER: Subject: =?UTF-8?Q?[Elite_Gym]_Nh=E1=BA=AFc_nh=E1=BB=9F:_Ch=C6=B0a_=C4=91=C4=83ng_k=C3=BD_ca_t=E1=BA=ADp?=
[08:36:48] CLIENT -> SERVER: Message-ID: <eA1wnoeQkrjElnnAui2WMXegeHFsrbLcj58IpZDY@DESKTOP-8FL2APL>
[08:36:48] CLIENT -> SERVER: X-Mailer: PHPMailer 7.0.2 (https://github.com/PHPMailer/PHPMailer)
[08:36:48] CLIENT -> SERVER: MIME-Version: 1.0
[08:36:48] CLIENT -> SERVER: Content-Type: multipart/alternative;
[08:36:48] CLIENT -> SERVER:  boundary="b1=_eA1wnoeQkrjElnnAui2WMXegeHFsrbLcj58IpZDY"
[08:36:48] CLIENT -> SERVER: Content-Transfer-Encoding: 8bit
[08:36:48] CLIENT -> SERVER:
[08:36:48] CLIENT -> SERVER: --b1=_eA1wnoeQkrjElnnAui2WMXegeHFsrbLcj58IpZDY
[08:36:48] CLIENT -> SERVER: Content-Type: text/plain; charset=UTF-8
[08:36:48] CLIENT -> SERVER: Content-Transfer-Encoding: 8bit
[08:36:48] CLIENT -> SERVER:
[08:36:48] CLIENT -> SERVER: Hôm nay (15/06/2026) bạn chưa đăng ký ca tập nào. Hãy liên hệ lễ tân hoặc đặt lịch ngay!
[08:36:48] CLIENT -> SERVER:
[08:36:48] CLIENT -> SERVER: --b1=_eA1wnoeQkrjElnnAui2WMXegeHFsrbLcj58IpZDY
[08:36:48] CLIENT -> SERVER: Content-Type: text/html; charset=UTF-8
[08:36:48] CLIENT -> SERVER: Content-Transfer-Encoding: 8bit
[08:36:48] CLIENT -> SERVER:
[08:36:48] CLIENT -> SERVER:
[08:36:48] CLIENT -> SERVER:         <html>
[08:36:48] CLIENT -> SERVER:         <body style='font-family:Arial,sans-serif;background:#0a0a0a;color:#fff;padding:30px;margin:0;'>
[08:36:48] CLIENT -> SERVER:           <div style='max-width:520px;margin:auto;background:#111111;border-radius:4px;overflow:hidden;border:1px solid rgba(204,0,0,.25);'>
[08:36:48] CLIENT -> SERVER:
[08:36:48] CLIENT -> SERVER:             <!-- Header -->
[08:36:48] CLIENT -> SERVER:             <div style='background:#cc0000;padding:18px 32px;display:flex;align-items:center;gap:12px;'>
[08:36:48] CLIENT -> SERVER:               <span style='font-family:Arial,sans-serif;font-size:1.5rem;font-weight:900;color:#fff;letter-spacing:2px;text-transform:uppercase;'>ELITE GYM</span>
[08:36:48] CLIENT -> SERVER:               <span style='color:rgba(255,255,255,.6);font-size:.8rem;margin-left:auto;text-transform:uppercase;letter-spacing:1px;'>Thông báo</span>
[08:36:48] CLIENT -> SERVER:             </div>
[08:36:48] CLIENT -> SERVER:
[08:36:48] CLIENT -> SERVER:             <!-- Body -->
[08:36:48] CLIENT -> SERVER:             <div style='padding:28px 32px;'>
[08:36:48] CLIENT -> SERVER:               <p style='color:rgba(255,255,255,.6);margin:0 0 6px;font-size:.85rem;'>Xin chào,</p>
[08:36:48] CLIENT -> SERVER:               <p style='color:#fff;font-size:1rem;font-weight:700;margin:0 0 20px;'>Phạm Văn Hoàng</p>
[08:36:48] CLIENT -> SERVER:
[08:36:48] CLIENT -> SERVER:               <!-- Notification card -->
[08:36:48] CLIENT -> SERVER:               <div style='background:rgba(255,255,255,.04);border-left:3px solid #f59e0b;border-radius:2px;padding:16px 20px;margin-bottom:20px;'>
[08:36:48] CLIENT -> SERVER:                 <div style='font-size:.85rem;color:#f59e0b;font-weight:700;margin-bottom:8px;'>
[08:36:48] CLIENT -> SERVER:                   📅 Chưa đăng ký ca tập hôm nay
[08:36:48] CLIENT -> SERVER:                 </div>
[08:36:48] CLIENT -> SERVER:                 <div style='color:rgba(255,255,255,.75);font-size:.9rem;line-height:1.6;'>
[08:36:48] CLIENT -> SERVER:                   Hôm nay (15/06/2026) bạn chưa đăng ký ca tập nào. Hãy liên hệ lễ tân hoặc đặt lịch ngay!
[08:36:48] CLIENT -> SERVER:                 </div>
[08:36:48] CLIENT -> SERVER:               </div>
[08:36:48] CLIENT -> SERVER:
[08:36:48] CLIENT -> SERVER:               <div style='text-align:center;margin:24px 0 8px;'>
[08:36:48] CLIENT -> SERVER:                 <a href='http://localhost/PHP/ELite_GYM/public/'
[08:36:48] CLIENT -> SERVER:                    style='background:#cc0000;color:#fff;text-decoration:none;padding:12px 32px;border-radius:3px;font-weight:700;font-size:.9rem;letter-spacing:1px;display:inline-block;'>
[08:36:48] CLIENT -> SERVER:                   Vào trang Elite Gym
[08:36:48] CLIENT -> SERVER:                 </a>
[08:36:48] CLIENT -> SERVER:               </div>
[08:36:48] CLIENT -> SERVER:             </div>
[08:36:48] CLIENT -> SERVER:
[08:36:48] CLIENT -> SERVER:             <!-- Footer -->
[08:36:48] CLIENT -> SERVER:             <div style='padding:16px 32px;border-top:1px solid rgba(255,255,255,.08);'>
[08:36:48] CLIENT -> SERVER:               <p style='color:rgba(255,255,255,.3);font-size:.75rem;margin:0;text-align:center;'>
[08:36:48] CLIENT -> SERVER:                 © 2026 Elite Fitness Gym. Nếu bạn không muốn nhận email này, liên hệ lễ tân.
[08:36:48] CLIENT -> SERVER:               </p>
[08:36:48] CLIENT -> SERVER:             </div>
[08:36:48] CLIENT -> SERVER:           </div>
[08:36:48] CLIENT -> SERVER:         </body></html>
[08:36:48] CLIENT -> SERVER:
[08:36:48] CLIENT -> SERVER:
[08:36:48] CLIENT -> SERVER: --b1=_eA1wnoeQkrjElnnAui2WMXegeHFsrbLcj58IpZDY--
[08:36:48] CLIENT -> SERVER:
[08:36:48] CLIENT -> SERVER: .
[08:36:49] SERVER -> CLIENT: 250 2.0.0 OK  1781487408 d2e1a72fcca58-8434b011288sm7538205b3a.44 - gsmtp
[08:36:49] CLIENT -> SERVER: QUIT
[08:36:49] SERVER -> CLIENT: 221 2.0.0 closing connection d2e1a72fcca58-8434b011288sm7538205b3a.44 - gsmtp
[06:43:42] SERVER -> CLIENT: 220 smtp.gmail.com ESMTP a92af1059eb24-1384b8f9927sm14462677c88.1 - gsmtp
[06:43:42] CLIENT -> SERVER: EHLO DESKTOP-8FL2APL
[06:43:43] SERVER -> CLIENT: 250-smtp.gmail.com at your service, [42.114.85.215]
250-SIZE 35882577
250-8BITMIME
250-STARTTLS
250-ENHANCEDSTATUSCODES
250-PIPELINING
250-CHUNKING
250 SMTPUTF8
[06:43:43] CLIENT -> SERVER: STARTTLS
[06:43:43] SERVER -> CLIENT: 220 2.0.0 Ready to start TLS
[06:43:43] CLIENT -> SERVER: EHLO DESKTOP-8FL2APL
[06:43:44] SERVER -> CLIENT: 250-smtp.gmail.com at your service, [42.114.85.215]
250-SIZE 35882577
250-8BITMIME
250-AUTH LOGIN PLAIN XOAUTH2 PLAIN-CLIENTTOKEN OAUTHBEARER XOAUTH
250-ENHANCEDSTATUSCODES
250-PIPELINING
250-CHUNKING
250 SMTPUTF8
[06:43:44] CLIENT -> SERVER: AUTH LOGIN
[06:43:44] SERVER -> CLIENT: 334 VXNlcm5hbWU6
[06:43:44] CLIENT -> SERVER: [credentials hidden]
[06:43:44] SERVER -> CLIENT: 334 UGFzc3dvcmQ6
[06:43:44] CLIENT -> SERVER: [credentials hidden]
[06:43:44] SERVER -> CLIENT: 235 2.7.0 Accepted
[06:43:44] CLIENT -> SERVER: MAIL FROM:<pvhoang08082004@gmail.com>
[06:43:44] SERVER -> CLIENT: 250 2.1.0 OK a92af1059eb24-1384b8f9927sm14462677c88.1 - gsmtp
[06:43:44] CLIENT -> SERVER: RCPT TO:<pvhoang08082004@gmail.com>
[06:43:45] SERVER -> CLIENT: 250 2.1.5 OK a92af1059eb24-1384b8f9927sm14462677c88.1 - gsmtp
[06:43:45] CLIENT -> SERVER: DATA
[06:43:45] SERVER -> CLIENT: 354 Go ahead a92af1059eb24-1384b8f9927sm14462677c88.1 - gsmtp
[06:43:45] CLIENT -> SERVER: Date: Wed, 17 Jun 2026 06:43:40 +0700
[06:43:45] CLIENT -> SERVER: To: pvhoang08082004@gmail.com
[06:43:45] CLIENT -> SERVER: From: Elite Fitness Gym <pvhoang08082004@gmail.com>
[06:43:45] CLIENT -> SERVER: Subject: =?UTF-8?Q?[Elite_Gym]_Nh=E1=BA=AFc_nh=E1=BB=9F:_Ch=C6=B0a_=C4=91=C4=83ng_k=C3=BD_ca_t=E1=BA=ADp?=
[06:43:45] CLIENT -> SERVER: Message-ID: <8engWOjh60zwjZ3zGmlM7QOzz15ioT5z6mb6xkysc@DESKTOP-8FL2APL>
[06:43:45] CLIENT -> SERVER: X-Mailer: PHPMailer 7.0.2 (https://github.com/PHPMailer/PHPMailer)
[06:43:45] CLIENT -> SERVER: MIME-Version: 1.0
[06:43:45] CLIENT -> SERVER: Content-Type: multipart/alternative;
[06:43:45] CLIENT -> SERVER:  boundary="b1=_8engWOjh60zwjZ3zGmlM7QOzz15ioT5z6mb6xkysc"
[06:43:45] CLIENT -> SERVER: Content-Transfer-Encoding: 8bit
[06:43:45] CLIENT -> SERVER:
[06:43:45] CLIENT -> SERVER: --b1=_8engWOjh60zwjZ3zGmlM7QOzz15ioT5z6mb6xkysc
[06:43:45] CLIENT -> SERVER: Content-Type: text/plain; charset=UTF-8
[06:43:45] CLIENT -> SERVER: Content-Transfer-Encoding: 8bit
[06:43:45] CLIENT -> SERVER:
[06:43:45] CLIENT -> SERVER: Hôm nay (17/06/2026) bạn chưa đăng ký ca tập nào. Hãy liên hệ lễ tân hoặc đặt lịch ngay!
[06:43:45] CLIENT -> SERVER:
[06:43:45] CLIENT -> SERVER: --b1=_8engWOjh60zwjZ3zGmlM7QOzz15ioT5z6mb6xkysc
[06:43:45] CLIENT -> SERVER: Content-Type: text/html; charset=UTF-8
[06:43:45] CLIENT -> SERVER: Content-Transfer-Encoding: 8bit
[06:43:45] CLIENT -> SERVER:
[06:43:45] CLIENT -> SERVER:
[06:43:45] CLIENT -> SERVER:         <html>
[06:43:45] CLIENT -> SERVER:         <body style='font-family:Arial,sans-serif;background:#0a0a0a;color:#fff;padding:30px;margin:0;'>
[06:43:45] CLIENT -> SERVER:           <div style='max-width:520px;margin:auto;background:#111111;border-radius:4px;overflow:hidden;border:1px solid rgba(204,0,0,.25);'>
[06:43:45] CLIENT -> SERVER:
[06:43:45] CLIENT -> SERVER:             <!-- Header -->
[06:43:45] CLIENT -> SERVER:             <div style='background:#cc0000;padding:18px 32px;display:flex;align-items:center;gap:12px;'>
[06:43:45] CLIENT -> SERVER:               <span style='font-family:Arial,sans-serif;font-size:1.5rem;font-weight:900;color:#fff;letter-spacing:2px;text-transform:uppercase;'>ELITE GYM</span>
[06:43:45] CLIENT -> SERVER:               <span style='color:rgba(255,255,255,.6);font-size:.8rem;margin-left:auto;text-transform:uppercase;letter-spacing:1px;'>Thông báo</span>
[06:43:45] CLIENT -> SERVER:             </div>
[06:43:45] CLIENT -> SERVER:
[06:43:45] CLIENT -> SERVER:             <!-- Body -->
[06:43:45] CLIENT -> SERVER:             <div style='padding:28px 32px;'>
[06:43:45] CLIENT -> SERVER:               <p style='color:rgba(255,255,255,.6);margin:0 0 6px;font-size:.85rem;'>Xin chào,</p>
[06:43:45] CLIENT -> SERVER:               <p style='color:#fff;font-size:1rem;font-weight:700;margin:0 0 20px;'>Hoàng Phạm Văn</p>
[06:43:45] CLIENT -> SERVER:
[06:43:45] CLIENT -> SERVER:               <!-- Notification card -->
[06:43:45] CLIENT -> SERVER:               <div style='background:rgba(255,255,255,.04);border-left:3px solid #f59e0b;border-radius:2px;padding:16px 20px;margin-bottom:20px;'>
[06:43:45] CLIENT -> SERVER:                 <div style='font-size:.85rem;color:#f59e0b;font-weight:700;margin-bottom:8px;'>
[06:43:45] CLIENT -> SERVER:                   📅 Chưa đăng ký ca tập hôm nay
[06:43:45] CLIENT -> SERVER:                 </div>
[06:43:45] CLIENT -> SERVER:                 <div style='color:rgba(255,255,255,.75);font-size:.9rem;line-height:1.6;'>
[06:43:45] CLIENT -> SERVER:                   Hôm nay (17/06/2026) bạn chưa đăng ký ca tập nào. Hãy liên hệ lễ tân hoặc đặt lịch ngay!
[06:43:45] CLIENT -> SERVER:                 </div>
[06:43:45] CLIENT -> SERVER:               </div>
[06:43:45] CLIENT -> SERVER:
[06:43:45] CLIENT -> SERVER:               <div style='text-align:center;margin:24px 0 8px;'>
[06:43:45] CLIENT -> SERVER:                 <a href='http://localhost/PHP/ELite_GYM/public/'
[06:43:45] CLIENT -> SERVER:                    style='background:#cc0000;color:#fff;text-decoration:none;padding:12px 32px;border-radius:3px;font-weight:700;font-size:.9rem;letter-spacing:1px;display:inline-block;'>
[06:43:45] CLIENT -> SERVER:                   Vào trang Elite Gym
[06:43:45] CLIENT -> SERVER:                 </a>
[06:43:45] CLIENT -> SERVER:               </div>
[06:43:45] CLIENT -> SERVER:             </div>
[06:43:45] CLIENT -> SERVER:
[06:43:45] CLIENT -> SERVER:             <!-- Footer -->
[06:43:45] CLIENT -> SERVER:             <div style='padding:16px 32px;border-top:1px solid rgba(255,255,255,.08);'>
[06:43:45] CLIENT -> SERVER:               <p style='color:rgba(255,255,255,.3);font-size:.75rem;margin:0;text-align:center;'>
[06:43:45] CLIENT -> SERVER:                 © 2026 Elite Fitness Gym. Nếu bạn không muốn nhận email này, liên hệ lễ tân.
[06:43:45] CLIENT -> SERVER:               </p>
[06:43:45] CLIENT -> SERVER:             </div>
[06:43:45] CLIENT -> SERVER:           </div>
[06:43:45] CLIENT -> SERVER:         </body></html>
[06:43:45] CLIENT -> SERVER:
[06:43:45] CLIENT -> SERVER:
[06:43:45] CLIENT -> SERVER: --b1=_8engWOjh60zwjZ3zGmlM7QOzz15ioT5z6mb6xkysc--
[06:43:45] CLIENT -> SERVER:
[06:43:45] CLIENT -> SERVER: .
[06:43:46] SERVER -> CLIENT: 250 2.0.0 OK  1781653425 a92af1059eb24-1384b8f9927sm14462677c88.1 - gsmtp
[06:43:46] CLIENT -> SERVER: QUIT
[06:43:46] SERVER -> CLIENT: 221 2.0.0 closing connection a92af1059eb24-1384b8f9927sm14462677c88.1 - gsmtp
[06:43:47] SERVER -> CLIENT: 220 smtp.gmail.com ESMTP 5a478bee46e88-30bc50631f2sm1669787eec.12 - gsmtp
[06:43:47] CLIENT -> SERVER: EHLO DESKTOP-8FL2APL
[06:43:48] SERVER -> CLIENT: 250-smtp.gmail.com at your service, [42.114.85.215]
250-SIZE 35882577
250-8BITMIME
250-STARTTLS
250-ENHANCEDSTATUSCODES
250-PIPELINING
250-CHUNKING
250 SMTPUTF8
[06:43:48] CLIENT -> SERVER: STARTTLS
[06:43:48] SERVER -> CLIENT: 220 2.0.0 Ready to start TLS
[06:43:48] CLIENT -> SERVER: EHLO DESKTOP-8FL2APL
[06:43:48] SERVER -> CLIENT: 250-smtp.gmail.com at your service, [42.114.85.215]
250-SIZE 35882577
250-8BITMIME
250-AUTH LOGIN PLAIN XOAUTH2 PLAIN-CLIENTTOKEN OAUTHBEARER XOAUTH
250-ENHANCEDSTATUSCODES
250-PIPELINING
250-CHUNKING
250 SMTPUTF8
[06:43:48] CLIENT -> SERVER: AUTH LOGIN
[06:43:48] SERVER -> CLIENT: 334 VXNlcm5hbWU6
[06:43:48] CLIENT -> SERVER: [credentials hidden]
[06:43:48] SERVER -> CLIENT: 334 UGFzc3dvcmQ6
[06:43:48] CLIENT -> SERVER: [credentials hidden]
[06:43:49] SERVER -> CLIENT: 235 2.7.0 Accepted
[06:43:49] CLIENT -> SERVER: MAIL FROM:<pvhoang08082004@gmail.com>
[06:43:49] SERVER -> CLIENT: 250 2.1.0 OK 5a478bee46e88-30bc50631f2sm1669787eec.12 - gsmtp
[06:43:49] CLIENT -> SERVER: RCPT TO:<tcuc041126@gmail.com>
[06:43:49] SERVER -> CLIENT: 250 2.1.5 OK 5a478bee46e88-30bc50631f2sm1669787eec.12 - gsmtp
[06:43:49] CLIENT -> SERVER: DATA
[06:43:49] SERVER -> CLIENT: 354 Go ahead 5a478bee46e88-30bc50631f2sm1669787eec.12 - gsmtp
[06:43:49] CLIENT -> SERVER: Date: Wed, 17 Jun 2026 06:43:46 +0700
[06:43:49] CLIENT -> SERVER: To: tcuc041126@gmail.com
[06:43:49] CLIENT -> SERVER: From: Elite Fitness Gym <pvhoang08082004@gmail.com>
[06:43:49] CLIENT -> SERVER: Subject: =?UTF-8?Q?[Elite_Gym]_Nh=E1=BA=AFc_nh=E1=BB=9F:_Ch=C6=B0a_=C4=91=C4=83ng_k=C3=BD_ca_t=E1=BA=ADp?=
[06:43:49] CLIENT -> SERVER: Message-ID: <BGGmBhb9aJujJp5lFHxUGTzxmDZjBAQd4UK76QHOsc@DESKTOP-8FL2APL>
[06:43:49] CLIENT -> SERVER: X-Mailer: PHPMailer 7.0.2 (https://github.com/PHPMailer/PHPMailer)
[06:43:49] CLIENT -> SERVER: MIME-Version: 1.0
[06:43:49] CLIENT -> SERVER: Content-Type: multipart/alternative;
[06:43:49] CLIENT -> SERVER:  boundary="b1=_BGGmBhb9aJujJp5lFHxUGTzxmDZjBAQd4UK76QHOsc"
[06:43:49] CLIENT -> SERVER: Content-Transfer-Encoding: 8bit
[06:43:49] CLIENT -> SERVER:
[06:43:49] CLIENT -> SERVER: --b1=_BGGmBhb9aJujJp5lFHxUGTzxmDZjBAQd4UK76QHOsc
[06:43:49] CLIENT -> SERVER: Content-Type: text/plain; charset=UTF-8
[06:43:49] CLIENT -> SERVER: Content-Transfer-Encoding: 8bit
[06:43:49] CLIENT -> SERVER:
[06:43:49] CLIENT -> SERVER: Hôm nay (17/06/2026) bạn chưa đăng ký ca tập nào. Hãy liên hệ lễ tân hoặc đặt lịch ngay!
[06:43:49] CLIENT -> SERVER:
[06:43:49] CLIENT -> SERVER: --b1=_BGGmBhb9aJujJp5lFHxUGTzxmDZjBAQd4UK76QHOsc
[06:43:49] CLIENT -> SERVER: Content-Type: text/html; charset=UTF-8
[06:43:49] CLIENT -> SERVER: Content-Transfer-Encoding: 8bit
[06:43:49] CLIENT -> SERVER:
[06:43:49] CLIENT -> SERVER:
[06:43:49] CLIENT -> SERVER:         <html>
[06:43:49] CLIENT -> SERVER:         <body style='font-family:Arial,sans-serif;background:#0a0a0a;color:#fff;padding:30px;margin:0;'>
[06:43:49] CLIENT -> SERVER:           <div style='max-width:520px;margin:auto;background:#111111;border-radius:4px;overflow:hidden;border:1px solid rgba(204,0,0,.25);'>
[06:43:49] CLIENT -> SERVER:
[06:43:49] CLIENT -> SERVER:             <!-- Header -->
[06:43:49] CLIENT -> SERVER:             <div style='background:#cc0000;padding:18px 32px;display:flex;align-items:center;gap:12px;'>
[06:43:49] CLIENT -> SERVER:               <span style='font-family:Arial,sans-serif;font-size:1.5rem;font-weight:900;color:#fff;letter-spacing:2px;text-transform:uppercase;'>ELITE GYM</span>
[06:43:49] CLIENT -> SERVER:               <span style='color:rgba(255,255,255,.6);font-size:.8rem;margin-left:auto;text-transform:uppercase;letter-spacing:1px;'>Thông báo</span>
[06:43:49] CLIENT -> SERVER:             </div>
[06:43:49] CLIENT -> SERVER:
[06:43:49] CLIENT -> SERVER:             <!-- Body -->
[06:43:49] CLIENT -> SERVER:             <div style='padding:28px 32px;'>
[06:43:49] CLIENT -> SERVER:               <p style='color:rgba(255,255,255,.6);margin:0 0 6px;font-size:.85rem;'>Xin chào,</p>
[06:43:49] CLIENT -> SERVER:               <p style='color:#fff;font-size:1rem;font-weight:700;margin:0 0 20px;'>Nguyễn Thị Thu Cúc</p>
[06:43:49] CLIENT -> SERVER:
[06:43:49] CLIENT -> SERVER:               <!-- Notification card -->
[06:43:49] CLIENT -> SERVER:               <div style='background:rgba(255,255,255,.04);border-left:3px solid #f59e0b;border-radius:2px;padding:16px 20px;margin-bottom:20px;'>
[06:43:49] CLIENT -> SERVER:                 <div style='font-size:.85rem;color:#f59e0b;font-weight:700;margin-bottom:8px;'>
[06:43:49] CLIENT -> SERVER:                   📅 Chưa đăng ký ca tập hôm nay
[06:43:49] CLIENT -> SERVER:                 </div>
[06:43:49] CLIENT -> SERVER:                 <div style='color:rgba(255,255,255,.75);font-size:.9rem;line-height:1.6;'>
[06:43:49] CLIENT -> SERVER:                   Hôm nay (17/06/2026) bạn chưa đăng ký ca tập nào. Hãy liên hệ lễ tân hoặc đặt lịch ngay!
[06:43:49] CLIENT -> SERVER:                 </div>
[06:43:49] CLIENT -> SERVER:               </div>
[06:43:49] CLIENT -> SERVER:
[06:43:49] CLIENT -> SERVER:               <div style='text-align:center;margin:24px 0 8px;'>
[06:43:49] CLIENT -> SERVER:                 <a href='http://localhost/PHP/ELite_GYM/public/'
[06:43:49] CLIENT -> SERVER:                    style='background:#cc0000;color:#fff;text-decoration:none;padding:12px 32px;border-radius:3px;font-weight:700;font-size:.9rem;letter-spacing:1px;display:inline-block;'>
[06:43:49] CLIENT -> SERVER:                   Vào trang Elite Gym
[06:43:49] CLIENT -> SERVER:                 </a>
[06:43:49] CLIENT -> SERVER:               </div>
[06:43:49] CLIENT -> SERVER:             </div>
[06:43:49] CLIENT -> SERVER:
[06:43:49] CLIENT -> SERVER:             <!-- Footer -->
[06:43:49] CLIENT -> SERVER:             <div style='padding:16px 32px;border-top:1px solid rgba(255,255,255,.08);'>
[06:43:49] CLIENT -> SERVER:               <p style='color:rgba(255,255,255,.3);font-size:.75rem;margin:0;text-align:center;'>
[06:43:49] CLIENT -> SERVER:                 © 2026 Elite Fitness Gym. Nếu bạn không muốn nhận email này, liên hệ lễ tân.
[06:43:49] CLIENT -> SERVER:               </p>
[06:43:49] CLIENT -> SERVER:             </div>
[06:43:49] CLIENT -> SERVER:           </div>
[06:43:49] CLIENT -> SERVER:         </body></html>
[06:43:49] CLIENT -> SERVER:
[06:43:49] CLIENT -> SERVER:
[06:43:49] CLIENT -> SERVER: --b1=_BGGmBhb9aJujJp5lFHxUGTzxmDZjBAQd4UK76QHOsc--
[06:43:49] CLIENT -> SERVER:
[06:43:49] CLIENT -> SERVER: .
[06:43:50] SERVER -> CLIENT: 250 2.0.0 OK  1781653429 5a478bee46e88-30bc50631f2sm1669787eec.12 - gsmtp
[06:43:50] CLIENT -> SERVER: QUIT
[06:43:50] SERVER -> CLIENT: 221 2.0.0 closing connection 5a478bee46e88-30bc50631f2sm1669787eec.12 - gsmtp
[06:43:51] SERVER -> CLIENT: 220 smtp.gmail.com ESMTP a92af1059eb24-1384b9815a6sm15271571c88.15 - gsmtp
[06:43:51] CLIENT -> SERVER: EHLO DESKTOP-8FL2APL
[06:43:52] SERVER -> CLIENT: 250-smtp.gmail.com at your service, [42.114.85.215]
250-SIZE 35882577
250-8BITMIME
250-STARTTLS
250-ENHANCEDSTATUSCODES
250-PIPELINING
250-CHUNKING
250 SMTPUTF8
[06:43:52] CLIENT -> SERVER: STARTTLS
[06:43:52] SERVER -> CLIENT: 220 2.0.0 Ready to start TLS
[06:43:52] CLIENT -> SERVER: EHLO DESKTOP-8FL2APL
[06:43:52] SERVER -> CLIENT: 250-smtp.gmail.com at your service, [42.114.85.215]
250-SIZE 35882577
250-8BITMIME
250-AUTH LOGIN PLAIN XOAUTH2 PLAIN-CLIENTTOKEN OAUTHBEARER XOAUTH
250-ENHANCEDSTATUSCODES
250-PIPELINING
250-CHUNKING
250 SMTPUTF8
[06:43:52] CLIENT -> SERVER: AUTH LOGIN
[06:43:53] SERVER -> CLIENT: 334 VXNlcm5hbWU6
[06:43:53] CLIENT -> SERVER: [credentials hidden]
[06:43:53] SERVER -> CLIENT: 334 UGFzc3dvcmQ6
[06:43:53] CLIENT -> SERVER: [credentials hidden]
[06:43:53] SERVER -> CLIENT: 235 2.7.0 Accepted
[06:43:53] CLIENT -> SERVER: MAIL FROM:<pvhoang08082004@gmail.com>
[06:43:53] SERVER -> CLIENT: 250 2.1.0 OK a92af1059eb24-1384b9815a6sm15271571c88.15 - gsmtp
[06:43:53] CLIENT -> SERVER: RCPT TO:<20221672@eaut.edu.vn>
[06:43:53] SERVER -> CLIENT: 250 2.1.5 OK a92af1059eb24-1384b9815a6sm15271571c88.15 - gsmtp
[06:43:53] CLIENT -> SERVER: DATA
[06:43:54] SERVER -> CLIENT: 354 Go ahead a92af1059eb24-1384b9815a6sm15271571c88.15 - gsmtp
[06:43:54] CLIENT -> SERVER: Date: Wed, 17 Jun 2026 06:43:50 +0700
[06:43:54] CLIENT -> SERVER: To: 20221672@eaut.edu.vn
[06:43:54] CLIENT -> SERVER: From: Elite Fitness Gym <pvhoang08082004@gmail.com>
[06:43:54] CLIENT -> SERVER: Subject: =?UTF-8?Q?[Elite_Gym]_Nh=E1=BA=AFc_nh=E1=BB=9F:_Ch=C6=B0a_=C4=91=C4=83ng_k=C3=BD_ca_t=E1=BA=ADp?=
[06:43:54] CLIENT -> SERVER: Message-ID: <I3cFhMPW2yMsNn6LjqvOJ7glQwYSJGwC9DmDZkU@DESKTOP-8FL2APL>
[06:43:54] CLIENT -> SERVER: X-Mailer: PHPMailer 7.0.2 (https://github.com/PHPMailer/PHPMailer)
[06:43:54] CLIENT -> SERVER: MIME-Version: 1.0
[06:43:54] CLIENT -> SERVER: Content-Type: multipart/alternative;
[06:43:54] CLIENT -> SERVER:  boundary="b1=_I3cFhMPW2yMsNn6LjqvOJ7glQwYSJGwC9DmDZkU"
[06:43:54] CLIENT -> SERVER: Content-Transfer-Encoding: 8bit
[06:43:54] CLIENT -> SERVER:
[06:43:54] CLIENT -> SERVER: --b1=_I3cFhMPW2yMsNn6LjqvOJ7glQwYSJGwC9DmDZkU
[06:43:54] CLIENT -> SERVER: Content-Type: text/plain; charset=UTF-8
[06:43:54] CLIENT -> SERVER: Content-Transfer-Encoding: 8bit
[06:43:54] CLIENT -> SERVER:
[06:43:54] CLIENT -> SERVER: Hôm nay (17/06/2026) bạn chưa đăng ký ca tập nào. Hãy liên hệ lễ tân hoặc đặt lịch ngay!
[06:43:54] CLIENT -> SERVER:
[06:43:54] CLIENT -> SERVER: --b1=_I3cFhMPW2yMsNn6LjqvOJ7glQwYSJGwC9DmDZkU
[06:43:54] CLIENT -> SERVER: Content-Type: text/html; charset=UTF-8
[06:43:54] CLIENT -> SERVER: Content-Transfer-Encoding: 8bit
[06:43:54] CLIENT -> SERVER:
[06:43:54] CLIENT -> SERVER:
[06:43:54] CLIENT -> SERVER:         <html>
[06:43:54] CLIENT -> SERVER:         <body style='font-family:Arial,sans-serif;background:#0a0a0a;color:#fff;padding:30px;margin:0;'>
[06:43:54] CLIENT -> SERVER:           <div style='max-width:520px;margin:auto;background:#111111;border-radius:4px;overflow:hidden;border:1px solid rgba(204,0,0,.25);'>
[06:43:54] CLIENT -> SERVER:
[06:43:54] CLIENT -> SERVER:             <!-- Header -->
[06:43:54] CLIENT -> SERVER:             <div style='background:#cc0000;padding:18px 32px;display:flex;align-items:center;gap:12px;'>
[06:43:54] CLIENT -> SERVER:               <span style='font-family:Arial,sans-serif;font-size:1.5rem;font-weight:900;color:#fff;letter-spacing:2px;text-transform:uppercase;'>ELITE GYM</span>
[06:43:54] CLIENT -> SERVER:               <span style='color:rgba(255,255,255,.6);font-size:.8rem;margin-left:auto;text-transform:uppercase;letter-spacing:1px;'>Thông báo</span>
[06:43:54] CLIENT -> SERVER:             </div>
[06:43:54] CLIENT -> SERVER:
[06:43:54] CLIENT -> SERVER:             <!-- Body -->
[06:43:54] CLIENT -> SERVER:             <div style='padding:28px 32px;'>
[06:43:54] CLIENT -> SERVER:               <p style='color:rgba(255,255,255,.6);margin:0 0 6px;font-size:.85rem;'>Xin chào,</p>
[06:43:54] CLIENT -> SERVER:               <p style='color:#fff;font-size:1rem;font-weight:700;margin:0 0 20px;'>Hoàng Phạm Văn</p>
[06:43:54] CLIENT -> SERVER:
[06:43:54] CLIENT -> SERVER:               <!-- Notification card -->
[06:43:54] CLIENT -> SERVER:               <div style='background:rgba(255,255,255,.04);border-left:3px solid #f59e0b;border-radius:2px;padding:16px 20px;margin-bottom:20px;'>
[06:43:54] CLIENT -> SERVER:                 <div style='font-size:.85rem;color:#f59e0b;font-weight:700;margin-bottom:8px;'>
[06:43:54] CLIENT -> SERVER:                   📅 Chưa đăng ký ca tập hôm nay
[06:43:54] CLIENT -> SERVER:                 </div>
[06:43:54] CLIENT -> SERVER:                 <div style='color:rgba(255,255,255,.75);font-size:.9rem;line-height:1.6;'>
[06:43:54] CLIENT -> SERVER:                   Hôm nay (17/06/2026) bạn chưa đăng ký ca tập nào. Hãy liên hệ lễ tân hoặc đặt lịch ngay!
[06:43:54] CLIENT -> SERVER:                 </div>
[06:43:54] CLIENT -> SERVER:               </div>
[06:43:54] CLIENT -> SERVER:
[06:43:54] CLIENT -> SERVER:               <div style='text-align:center;margin:24px 0 8px;'>
[06:43:54] CLIENT -> SERVER:                 <a href='http://localhost/PHP/ELite_GYM/public/'
[06:43:54] CLIENT -> SERVER:                    style='background:#cc0000;color:#fff;text-decoration:none;padding:12px 32px;border-radius:3px;font-weight:700;font-size:.9rem;letter-spacing:1px;display:inline-block;'>
[06:43:54] CLIENT -> SERVER:                   Vào trang Elite Gym
[06:43:54] CLIENT -> SERVER:                 </a>
[06:43:54] CLIENT -> SERVER:               </div>
[06:43:54] CLIENT -> SERVER:             </div>
[06:43:54] CLIENT -> SERVER:
[06:43:54] CLIENT -> SERVER:             <!-- Footer -->
[06:43:54] CLIENT -> SERVER:             <div style='padding:16px 32px;border-top:1px solid rgba(255,255,255,.08);'>
[06:43:54] CLIENT -> SERVER:               <p style='color:rgba(255,255,255,.3);font-size:.75rem;margin:0;text-align:center;'>
[06:43:54] CLIENT -> SERVER:                 © 2026 Elite Fitness Gym. Nếu bạn không muốn nhận email này, liên hệ lễ tân.
[06:43:54] CLIENT -> SERVER:               </p>
[06:43:54] CLIENT -> SERVER:             </div>
[06:43:54] CLIENT -> SERVER:           </div>
[06:43:54] CLIENT -> SERVER:         </body></html>
[06:43:54] CLIENT -> SERVER:
[06:43:54] CLIENT -> SERVER:
[06:43:54] CLIENT -> SERVER: --b1=_I3cFhMPW2yMsNn6LjqvOJ7glQwYSJGwC9DmDZkU--
[06:43:54] CLIENT -> SERVER:
[06:43:54] CLIENT -> SERVER: .
[06:43:54] SERVER -> CLIENT: 250 2.0.0 OK  1781653434 a92af1059eb24-1384b9815a6sm15271571c88.15 - gsmtp
[06:43:54] CLIENT -> SERVER: QUIT
[06:43:55] SERVER -> CLIENT: 221 2.0.0 closing connection a92af1059eb24-1384b9815a6sm15271571c88.15 - gsmtp
[06:43:56] SERVER -> CLIENT: 220 smtp.gmail.com ESMTP d9443c01a7336-2c433558449sm149996405ad.78 - gsmtp
[06:43:56] CLIENT -> SERVER: EHLO DESKTOP-8FL2APL
[06:43:57] SERVER -> CLIENT: 250-smtp.gmail.com at your service, [42.114.85.215]
250-SIZE 35882577
250-8BITMIME
250-STARTTLS
250-ENHANCEDSTATUSCODES
250-PIPELINING
250-CHUNKING
250 SMTPUTF8
[06:43:57] CLIENT -> SERVER: STARTTLS
[06:43:57] SERVER -> CLIENT: 220 2.0.0 Ready to start TLS
[06:43:57] CLIENT -> SERVER: EHLO DESKTOP-8FL2APL
[06:43:57] SERVER -> CLIENT: 250-smtp.gmail.com at your service, [42.114.85.215]
250-SIZE 35882577
250-8BITMIME
250-AUTH LOGIN PLAIN XOAUTH2 PLAIN-CLIENTTOKEN OAUTHBEARER XOAUTH
250-ENHANCEDSTATUSCODES
250-PIPELINING
250-CHUNKING
250 SMTPUTF8
[06:43:57] CLIENT -> SERVER: AUTH LOGIN
[06:43:57] SERVER -> CLIENT: 334 VXNlcm5hbWU6
[06:43:57] CLIENT -> SERVER: [credentials hidden]
[06:43:57] SERVER -> CLIENT: 334 UGFzc3dvcmQ6
[06:43:57] CLIENT -> SERVER: [credentials hidden]
[06:43:58] SERVER -> CLIENT: 235 2.7.0 Accepted
[06:43:58] CLIENT -> SERVER: MAIL FROM:<pvhoang08082004@gmail.com>
[06:43:58] SERVER -> CLIENT: 250 2.1.0 OK d9443c01a7336-2c433558449sm149996405ad.78 - gsmtp
[06:43:58] CLIENT -> SERVER: RCPT TO:<pvhoang08082004@gmail.com>
[06:43:58] SERVER -> CLIENT: 250 2.1.5 OK d9443c01a7336-2c433558449sm149996405ad.78 - gsmtp
[06:43:58] CLIENT -> SERVER: DATA
[06:43:58] SERVER -> CLIENT: 354 Go ahead d9443c01a7336-2c433558449sm149996405ad.78 - gsmtp
[06:43:58] CLIENT -> SERVER: Date: Wed, 17 Jun 2026 06:43:55 +0700
[06:43:58] CLIENT -> SERVER: To: pvhoang08082004@gmail.com
[06:43:58] CLIENT -> SERVER: From: Elite Fitness Gym <pvhoang08082004@gmail.com>
[06:43:58] CLIENT -> SERVER: Subject: =?UTF-8?Q?[Elite_Gym]_Nh=E1=BA=AFc_nh=E1=BB=9F:_Ch=C6=B0a_=C4=91=C4=83ng_k=C3=BD_ca_t=E1=BA=ADp?=
[06:43:58] CLIENT -> SERVER: Message-ID: <W6OYDuMvpO6GXQ9JOfxuvJlOD9zpWV59wPftPES7UY@DESKTOP-8FL2APL>
[06:43:58] CLIENT -> SERVER: X-Mailer: PHPMailer 7.0.2 (https://github.com/PHPMailer/PHPMailer)
[06:43:58] CLIENT -> SERVER: MIME-Version: 1.0
[06:43:58] CLIENT -> SERVER: Content-Type: multipart/alternative;
[06:43:58] CLIENT -> SERVER:  boundary="b1=_W6OYDuMvpO6GXQ9JOfxuvJlOD9zpWV59wPftPES7UY"
[06:43:58] CLIENT -> SERVER: Content-Transfer-Encoding: 8bit
[06:43:58] CLIENT -> SERVER:
[06:43:58] CLIENT -> SERVER: --b1=_W6OYDuMvpO6GXQ9JOfxuvJlOD9zpWV59wPftPES7UY
[06:43:58] CLIENT -> SERVER: Content-Type: text/plain; charset=UTF-8
[06:43:58] CLIENT -> SERVER: Content-Transfer-Encoding: 8bit
[06:43:58] CLIENT -> SERVER:
[06:43:58] CLIENT -> SERVER: Hôm nay (17/06/2026) bạn chưa đăng ký ca tập nào. Hãy liên hệ lễ tân hoặc đặt lịch ngay!
[06:43:58] CLIENT -> SERVER:
[06:43:58] CLIENT -> SERVER: --b1=_W6OYDuMvpO6GXQ9JOfxuvJlOD9zpWV59wPftPES7UY
[06:43:58] CLIENT -> SERVER: Content-Type: text/html; charset=UTF-8
[06:43:58] CLIENT -> SERVER: Content-Transfer-Encoding: 8bit
[06:43:58] CLIENT -> SERVER:
[06:43:58] CLIENT -> SERVER:
[06:43:58] CLIENT -> SERVER:         <html>
[06:43:58] CLIENT -> SERVER:         <body style='font-family:Arial,sans-serif;background:#0a0a0a;color:#fff;padding:30px;margin:0;'>
[06:43:58] CLIENT -> SERVER:           <div style='max-width:520px;margin:auto;background:#111111;border-radius:4px;overflow:hidden;border:1px solid rgba(204,0,0,.25);'>
[06:43:58] CLIENT -> SERVER:
[06:43:58] CLIENT -> SERVER:             <!-- Header -->
[06:43:58] CLIENT -> SERVER:             <div style='background:#cc0000;padding:18px 32px;display:flex;align-items:center;gap:12px;'>
[06:43:58] CLIENT -> SERVER:               <span style='font-family:Arial,sans-serif;font-size:1.5rem;font-weight:900;color:#fff;letter-spacing:2px;text-transform:uppercase;'>ELITE GYM</span>
[06:43:58] CLIENT -> SERVER:               <span style='color:rgba(255,255,255,.6);font-size:.8rem;margin-left:auto;text-transform:uppercase;letter-spacing:1px;'>Thông báo</span>
[06:43:58] CLIENT -> SERVER:             </div>
[06:43:58] CLIENT -> SERVER:
[06:43:58] CLIENT -> SERVER:             <!-- Body -->
[06:43:58] CLIENT -> SERVER:             <div style='padding:28px 32px;'>
[06:43:58] CLIENT -> SERVER:               <p style='color:rgba(255,255,255,.6);margin:0 0 6px;font-size:.85rem;'>Xin chào,</p>
[06:43:58] CLIENT -> SERVER:               <p style='color:#fff;font-size:1rem;font-weight:700;margin:0 0 20px;'>Phạm Văn Hoàng</p>
[06:43:58] CLIENT -> SERVER:
[06:43:58] CLIENT -> SERVER:               <!-- Notification card -->
[06:43:58] CLIENT -> SERVER:               <div style='background:rgba(255,255,255,.04);border-left:3px solid #f59e0b;border-radius:2px;padding:16px 20px;margin-bottom:20px;'>
[06:43:58] CLIENT -> SERVER:                 <div style='font-size:.85rem;color:#f59e0b;font-weight:700;margin-bottom:8px;'>
[06:43:58] CLIENT -> SERVER:                   📅 Chưa đăng ký ca tập hôm nay
[06:43:58] CLIENT -> SERVER:                 </div>
[06:43:58] CLIENT -> SERVER:                 <div style='color:rgba(255,255,255,.75);font-size:.9rem;line-height:1.6;'>
[06:43:58] CLIENT -> SERVER:                   Hôm nay (17/06/2026) bạn chưa đăng ký ca tập nào. Hãy liên hệ lễ tân hoặc đặt lịch ngay!
[06:43:58] CLIENT -> SERVER:                 </div>
[06:43:58] CLIENT -> SERVER:               </div>
[06:43:58] CLIENT -> SERVER:
[06:43:58] CLIENT -> SERVER:               <div style='text-align:center;margin:24px 0 8px;'>
[06:43:58] CLIENT -> SERVER:                 <a href='http://localhost/PHP/ELite_GYM/public/'
[06:43:58] CLIENT -> SERVER:                    style='background:#cc0000;color:#fff;text-decoration:none;padding:12px 32px;border-radius:3px;font-weight:700;font-size:.9rem;letter-spacing:1px;display:inline-block;'>
[06:43:58] CLIENT -> SERVER:                   Vào trang Elite Gym
[06:43:58] CLIENT -> SERVER:                 </a>
[06:43:58] CLIENT -> SERVER:               </div>
[06:43:58] CLIENT -> SERVER:             </div>
[06:43:58] CLIENT -> SERVER:
[06:43:58] CLIENT -> SERVER:             <!-- Footer -->
[06:43:58] CLIENT -> SERVER:             <div style='padding:16px 32px;border-top:1px solid rgba(255,255,255,.08);'>
[06:43:58] CLIENT -> SERVER:               <p style='color:rgba(255,255,255,.3);font-size:.75rem;margin:0;text-align:center;'>
[06:43:58] CLIENT -> SERVER:                 © 2026 Elite Fitness Gym. Nếu bạn không muốn nhận email này, liên hệ lễ tân.
[06:43:58] CLIENT -> SERVER:               </p>
[06:43:58] CLIENT -> SERVER:             </div>
[06:43:58] CLIENT -> SERVER:           </div>
[06:43:58] CLIENT -> SERVER:         </body></html>
[06:43:58] CLIENT -> SERVER:
[06:43:58] CLIENT -> SERVER:
[06:43:58] CLIENT -> SERVER: --b1=_W6OYDuMvpO6GXQ9JOfxuvJlOD9zpWV59wPftPES7UY--
[06:43:58] CLIENT -> SERVER:
[06:43:58] CLIENT -> SERVER: .
[06:43:59] SERVER -> CLIENT: 250 2.0.0 OK  1781653439 d9443c01a7336-2c433558449sm149996405ad.78 - gsmtp
[06:43:59] CLIENT -> SERVER: QUIT
[06:43:59] SERVER -> CLIENT: 221 2.0.0 closing connection d9443c01a7336-2c433558449sm149996405ad.78 - gsmtp
